-- --------------------------------------------------------
-- Host:                         127.0.0.1
-- Server version:               10.4.11-MariaDB - mariadb.org binary distribution
-- Server OS:                    Win64
-- HeidiSQL Version:             11.0.0.5919
-- --------------------------------------------------------

/*!40101 SET @OLD_CHARACTER_SET_CLIENT=@@CHARACTER_SET_CLIENT */;
/*!40101 SET NAMES utf8 */;
/*!50503 SET NAMES utf8mb4 */;
/*!40014 SET @OLD_FOREIGN_KEY_CHECKS=@@FOREIGN_KEY_CHECKS, FOREIGN_KEY_CHECKS=0 */;
/*!40101 SET @OLD_SQL_MODE=@@SQL_MODE, SQL_MODE='NO_AUTO_VALUE_ON_ZERO' */;


-- Dumping database structure for ggdb
CREATE DATABASE IF NOT EXISTS `ggdb` /*!40100 DEFAULT CHARACTER SET utf8mb4 */;
USE `ggdb`;

-- Dumping structure for table ggdb.booking
CREATE TABLE IF NOT EXISTS `booking` (
  `id` int(11) NOT NULL AUTO_INCREMENT,
  `user_id` int(11) NOT NULL,
  PRIMARY KEY (`id`),
  KEY `user_id` (`user_id`),
  CONSTRAINT `booking_ibfk_1` FOREIGN KEY (`user_id`) REFERENCES `users` (`id`)
) ENGINE=InnoDB AUTO_INCREMENT=95 DEFAULT CHARSET=utf8mb4;

-- Dumping data for table ggdb.booking: ~73 rows (approximately)
/*!40000 ALTER TABLE `booking` DISABLE KEYS */;
INSERT INTO `booking` (`id`, `user_id`) VALUES
	(1, 1),
	(2, 2),
	(3, 3),
	(4, 4),
	(5, 5),
	(6, 6),
	(7, 7),
	(8, 8),
	(9, 9),
	(10, 10),
	(11, 11),
	(12, 12),
	(13, 13),
	(14, 14),
	(15, 15),
	(16, 16),
	(17, 17),
	(18, 18),
	(19, 19),
	(20, 20),
	(21, 21),
	(22, 22),
	(23, 23),
	(24, 24),
	(25, 25),
	(26, 26),
	(27, 27),
	(28, 28),
	(29, 29),
	(30, 30),
	(31, 31),
	(32, 32),
	(33, 33),
	(34, 34),
	(35, 35),
	(36, 36),
	(37, 37),
	(38, 38),
	(39, 39),
	(40, 40),
	(41, 41),
	(42, 42),
	(43, 43),
	(44, 44),
	(45, 45),
	(46, 46),
	(47, 47),
	(48, 48),
	(49, 49),
	(68, 1004),
	(69, 1004),
	(70, 1004),
	(71, 1004),
	(72, 1004),
	(73, 1004),
	(74, 1004),
	(75, 1004),
	(76, 1004),
	(77, 1004),
	(78, 1004),
	(79, 1004),
	(80, 1004),
	(81, 1004),
	(82, 1004),
	(83, 1004),
	(84, 1004),
	(85, 1004),
	(86, 1004),
	(87, 1004),
	(88, 1004),
	(89, 1004),
	(90, 1004),
	(91, 1004),
	(92, 1004),
	(93, 1004),
	(94, 1010);
/*!40000 ALTER TABLE `booking` ENABLE KEYS */;

-- Dumping structure for table ggdb.city
CREATE TABLE IF NOT EXISTS `city` (
  `id` int(11) NOT NULL AUTO_INCREMENT,
  `country_id` int(11) NOT NULL,
  `name` varchar(30) DEFAULT NULL,
  PRIMARY KEY (`id`),
  KEY `country_id` (`country_id`),
  CONSTRAINT `city_ibfk_1` FOREIGN KEY (`country_id`) REFERENCES `country` (`id`)
) ENGINE=InnoDB AUTO_INCREMENT=10 DEFAULT CHARSET=utf8mb4;

-- Dumping data for table ggdb.city: ~9 rows (approximately)
/*!40000 ALTER TABLE `city` DISABLE KEYS */;
INSERT INTO `city` (`id`, `country_id`, `name`) VALUES
	(1, 1, 'Sveg'),
	(2, 1, 'Stockholm'),
	(3, 2, 'Köpenhamn'),
	(4, 2, 'Tuborg'),
	(5, 3, 'Oslo'),
	(6, 3, 'Bergen'),
	(7, 4, 'New York'),
	(8, 1, 'Malmö'),
	(9, 5, 'Playa del Inglés');
/*!40000 ALTER TABLE `city` ENABLE KEYS */;

-- Dumping structure for table ggdb.country
CREATE TABLE IF NOT EXISTS `country` (
  `id` int(11) NOT NULL AUTO_INCREMENT,
  `name` varchar(40) DEFAULT NULL,
  PRIMARY KEY (`id`)
) ENGINE=InnoDB AUTO_INCREMENT=6 DEFAULT CHARSET=utf8mb4;

-- Dumping data for table ggdb.country: ~5 rows (approximately)
/*!40000 ALTER TABLE `country` DISABLE KEYS */;
INSERT INTO `country` (`id`, `name`) VALUES
	(1, 'Sverige'),
	(2, 'Danmark'),
	(3, 'Norge'),
	(4, 'USA'),
	(5, 'Spanien');
/*!40000 ALTER TABLE `country` ENABLE KEYS */;

-- Dumping structure for table ggdb.hotel
CREATE TABLE IF NOT EXISTS `hotel` (
  `id` int(11) NOT NULL AUTO_INCREMENT,
  `city_id` int(11) NOT NULL,
  `name` varchar(30) DEFAULT NULL,
  `restaurant` bit(1) DEFAULT NULL,
  `pool` bit(1) DEFAULT NULL,
  `kidsclub` bit(1) DEFAULT NULL,
  `evening_entertainment` bit(1) DEFAULT NULL,
  `meters_to_city_center` int(11) DEFAULT NULL,
  `meters_to_beach` int(11) DEFAULT NULL,
  `img_url` varchar(300) DEFAULT NULL,
  `description` varchar(300) DEFAULT NULL,
  `rating` float DEFAULT NULL,
  PRIMARY KEY (`id`),
  KEY `city_id` (`city_id`),
  CONSTRAINT `hotel_ibfk_1` FOREIGN KEY (`city_id`) REFERENCES `city` (`id`)
) ENGINE=InnoDB AUTO_INCREMENT=10 DEFAULT CHARSET=utf8mb4;

-- Dumping data for table ggdb.hotel: ~9 rows (approximately)
/*!40000 ALTER TABLE `hotel` DISABLE KEYS */;
INSERT INTO `hotel` (`id`, `city_id`, `name`, `restaurant`, `pool`, `kidsclub`, `evening_entertainment`, `meters_to_city_center`, `meters_to_beach`, `img_url`, `description`, `rating`) VALUES
	(1, 1, 'Svegs Stadshotell', b'1', b'0', b'0', b'1', 20, 4000, 'https://www.safarihotelsnamibia.com/wp-content/uploads/2014/11/Safari-Court-Hotel-Pool.jpg', 'Ett helt ok hotell', 1.8),
	(2, 2, 'Grand Hôtel', b'1', b'1', b'0', b'0', 50, 2000, 'https://www.ma.com/wp-content/uploads/2013/10/morris-adjmi-architects-wythe-hotel-3.jpg', 'Long haired freaky people need not apply', 8.2),
	(3, 2, 'Strandhotellet', b'1', b'1', b'1', b'1', 10000, 5, 'https://www.excelsior.com.mt/wp-content/gallery/hotel-gallery/Outdoor-Pool-at-Night.jpg', 'Elegant hotell vid till badet.', 5),
	(4, 3, 'BnBodega', b'1', b'0', b'0', b'1', 300, 400, 'http://www.idesignarch.com/wp-content/uploads/Oxford-Malmaison-Hotel_1.jpg', 'Pittoreskt hotell vid kajen', 7.3),
	(5, 6, 'Den norske hotel', b'0', b'0', b'1', b'0', 7000, 5000, 'http://ww1.prweb.com/prfiles/2011/11/03/8934854/Moevenpick-Hotel-Accra-exterior.jpg', 'Bergshotell intill fjorden', 6.9),
	(6, 7, 'Edison Hotel', b'1', b'0', b'1', b'1', 10, 10000, 'https://imgcy.trivago.com/c_limit,d_dummy.jpeg,f_auto,h_1300,q_auto,w_2000/itemimages/87/20/8720_v12.jpeg', 'Anrikt hotell precis vid Times Square. Uppkallat efter den legendariske uppfinnaren.', 8.9),
	(7, 7, 'Hotel Pennsylvania', b'1', b'0', b'1', b'1', 800, 9500, 'https://thenypost.files.wordpress.com/2019/11/hotel-pennsylvania.jpg', 'Mitt emot hotellet hittar ni världens mest berömda arena, Madison Square Garden, som står där den vackra tågstationen en gång stod som hotellet är uppkallat efter.', 6.5),
	(8, 8, 'Malmö Arena Hotel', b'1', b'0', b'0', b'1', 2000, 2000, 'https://www.malmoarena.com/fileadmin/_processed_/3/6/csm_0I0D8756_DxO-mindre_886a984f10.jpg', 'Percy Nilssons mästerverk i den växande stadsdelen Hyllie. Precis bredvid Malmö Arena och centrum är drygt sex minuter bort med tåg', 5.8),
	(9, 9, 'Playa del Sol', b'1', b'1', b'1', b'0', 50, 1200, 'https://a.loveholidays.com/images/holidays/0d2e207e813bb72e575c5d6773c8826271e05b05/holidays/gran-canaria/playa-del-ingles/aparthotel-playa-del-sol-adults-only-0.jpg', 'Playa del Sol är ett populärt lägenhetshotell för en vuxen publik. Här bor du centralt i Playa del Inglés och har Yumbo köpcentrum med shopping, restauranger och nöjen runt hörnet. I hotellets härliga trädgård finns en solterrass med pool.', 5.3);
/*!40000 ALTER TABLE `hotel` ENABLE KEYS */;

-- Dumping structure for view ggdb.hotelview
-- Creating temporary table to overcome VIEW dependency errors
CREATE TABLE `hotelview` (
	`id` INT(11) NOT NULL,
	`name` VARCHAR(30) NULL COLLATE 'utf8mb4_general_ci',
	`cityID` INT(11) NOT NULL,
	`city` VARCHAR(30) NULL COLLATE 'utf8mb4_general_ci',
	`countryID` INT(11) NOT NULL,
	`country` VARCHAR(40) NULL COLLATE 'utf8mb4_general_ci',
	`restaurant` BIT(1) NULL,
	`pool` BIT(1) NULL,
	`kidsclub` BIT(1) NULL,
	`evening_entertainment` BIT(1) NULL,
	`meters_to_city_center` INT(11) NULL,
	`meters_to_beach` INT(11) NULL,
	`img_url` VARCHAR(300) NULL COLLATE 'utf8mb4_general_ci',
	`description` VARCHAR(300) NULL COLLATE 'utf8mb4_general_ci',
	`rating` FLOAT(12) NULL
) ENGINE=MyISAM;

-- Dumping structure for table ggdb.room
CREATE TABLE IF NOT EXISTS `room` (
  `id` int(11) NOT NULL AUTO_INCREMENT,
  `hotel_id` int(11) NOT NULL,
  `roomtype_id` int(11) NOT NULL,
  `sizem2` int(11) DEFAULT NULL,
  `price` float DEFAULT NULL,
  PRIMARY KEY (`id`),
  KEY `hotel_id` (`hotel_id`),
  KEY `roomtype_id` (`roomtype_id`),
  CONSTRAINT `room_ibfk_1` FOREIGN KEY (`hotel_id`) REFERENCES `hotel` (`id`),
  CONSTRAINT `room_ibfk_2` FOREIGN KEY (`roomtype_id`) REFERENCES `roomtype` (`id`)
) ENGINE=InnoDB AUTO_INCREMENT=1001 DEFAULT CHARSET=utf8mb4;

-- Dumping data for table ggdb.room: ~1,000 rows (approximately)
/*!40000 ALTER TABLE `room` DISABLE KEYS */;
INSERT INTO `room` (`id`, `hotel_id`, `roomtype_id`, `sizem2`, `price`) VALUES
	(1, 1, 1, 10, 1000),
	(2, 2, 2, 62, 4999),
	(3, 3, 1, 60, 599),
	(4, 2, 3, 50, 5000),
	(5, 2, 2, 50, 3209),
	(6, 4, 1, 20, 400),
	(7, 9, 1, 19, 1910),
	(8, 9, 3, 31, 3145),
	(9, 5, 2, 27, 2711),
	(10, 9, 2, 25, 2598),
	(11, 9, 3, 31, 3167),
	(12, 9, 2, 28, 2826),
	(13, 9, 3, 37, 3771),
	(14, 8, 1, 19, 1976),
	(15, 8, 3, 31, 3133),
	(16, 9, 2, 20, 2053),
	(17, 9, 3, 37, 3710),
	(18, 8, 2, 22, 2294),
	(19, 9, 2, 27, 2796),
	(20, 8, 1, 19, 1998),
	(21, 7, 2, 25, 2511),
	(22, 9, 2, 22, 2237),
	(23, 8, 3, 31, 3133),
	(24, 8, 1, 11, 1130),
	(25, 9, 2, 28, 2888),
	(26, 8, 3, 36, 3640),
	(27, 5, 3, 39, 3955),
	(28, 6, 3, 30, 3026),
	(29, 9, 1, 10, 1086),
	(30, 9, 3, 30, 3013),
	(31, 8, 3, 33, 3355),
	(32, 7, 3, 39, 3963),
	(33, 8, 3, 33, 3315),
	(34, 9, 3, 38, 3802),
	(35, 9, 2, 28, 2889),
	(36, 9, 3, 32, 3285),
	(37, 6, 1, 16, 1676),
	(38, 6, 1, 14, 1470),
	(39, 8, 2, 27, 2752),
	(40, 7, 1, 18, 1870),
	(41, 9, 1, 14, 1436),
	(42, 7, 3, 30, 3083),
	(43, 9, 3, 30, 3033),
	(44, 9, 1, 13, 1356),
	(45, 9, 3, 33, 3386),
	(46, 5, 1, 10, 1012),
	(47, 9, 3, 31, 3146),
	(48, 8, 3, 39, 3913),
	(49, 9, 3, 30, 3097),
	(50, 9, 3, 36, 3699),
	(51, 6, 3, 33, 3372),
	(52, 1, 2, 26, 2646),
	(53, 8, 3, 35, 3519),
	(54, 8, 2, 28, 2813),
	(55, 4, 3, 30, 3095),
	(56, 9, 3, 32, 3231),
	(57, 9, 2, 23, 2339),
	(58, 8, 3, 30, 3024),
	(59, 9, 3, 38, 3886),
	(60, 9, 3, 38, 3813),
	(61, 9, 1, 10, 1016),
	(62, 8, 1, 14, 1478),
	(63, 7, 3, 30, 3062),
	(64, 6, 1, 16, 1698),
	(65, 9, 3, 37, 3734),
	(66, 9, 2, 21, 2177),
	(67, 7, 3, 32, 3283),
	(68, 9, 2, 20, 2025),
	(69, 8, 3, 33, 3332),
	(70, 8, 1, 14, 1473),
	(71, 9, 1, 18, 1896),
	(72, 8, 3, 30, 3019),
	(73, 9, 3, 32, 3295),
	(74, 9, 3, 30, 3068),
	(75, 7, 1, 17, 1721),
	(76, 9, 3, 33, 3346),
	(77, 8, 1, 12, 1261),
	(78, 7, 3, 32, 3231),
	(79, 7, 3, 36, 3618),
	(80, 7, 2, 28, 2891),
	(81, 7, 2, 29, 2909),
	(82, 7, 3, 35, 3513),
	(83, 9, 3, 33, 3393),
	(84, 7, 1, 18, 1843),
	(85, 8, 3, 34, 3488),
	(86, 8, 2, 26, 2633),
	(87, 9, 3, 32, 3230),
	(88, 9, 3, 30, 3045),
	(89, 9, 3, 30, 3047),
	(90, 9, 1, 17, 1745),
	(91, 8, 2, 27, 2773),
	(92, 7, 1, 15, 1597),
	(93, 6, 3, 34, 3461),
	(94, 9, 1, 10, 1048),
	(95, 9, 1, 11, 1171),
	(96, 8, 2, 24, 2440),
	(97, 8, 3, 32, 3274),
	(98, 9, 1, 16, 1616),
	(99, 7, 1, 10, 1063),
	(100, 9, 1, 12, 1295),
	(101, 9, 3, 31, 3146),
	(102, 9, 1, 13, 1321),
	(103, 8, 3, 37, 3778),
	(104, 9, 3, 31, 3170),
	(105, 9, 3, 31, 3111),
	(106, 7, 3, 35, 3561),
	(107, 7, 3, 37, 3773),
	(108, 9, 1, 17, 1716),
	(109, 9, 1, 18, 1839),
	(110, 5, 3, 31, 3117),
	(111, 7, 3, 38, 3844),
	(112, 9, 2, 26, 2647),
	(113, 9, 3, 32, 3298),
	(114, 8, 3, 32, 3223),
	(115, 9, 3, 38, 3895),
	(116, 9, 1, 14, 1426),
	(117, 8, 3, 37, 3714),
	(118, 9, 2, 25, 2558),
	(119, 8, 3, 39, 3912),
	(120, 9, 1, 13, 1310),
	(121, 8, 3, 36, 3690),
	(122, 9, 2, 23, 2313),
	(123, 8, 2, 22, 2222),
	(124, 5, 3, 32, 3290),
	(125, 1, 2, 28, 2815),
	(126, 9, 3, 31, 3138),
	(127, 8, 1, 15, 1593),
	(128, 8, 3, 34, 3499),
	(129, 5, 1, 16, 1667),
	(130, 9, 3, 39, 3987),
	(131, 9, 2, 25, 2588),
	(132, 9, 3, 39, 3903),
	(133, 7, 3, 39, 3915),
	(134, 4, 3, 34, 3437),
	(135, 9, 2, 27, 2759),
	(136, 7, 1, 17, 1734),
	(137, 9, 3, 33, 3320),
	(138, 6, 2, 28, 2827),
	(139, 7, 1, 19, 1908),
	(140, 9, 3, 39, 3994),
	(141, 8, 3, 31, 3187),
	(142, 9, 3, 36, 3684),
	(143, 9, 1, 13, 1348),
	(144, 7, 1, 11, 1164),
	(145, 9, 3, 30, 3073),
	(146, 8, 1, 15, 1574),
	(147, 9, 3, 30, 3095),
	(148, 9, 3, 34, 3480),
	(149, 9, 1, 11, 1186),
	(150, 9, 1, 19, 1996),
	(151, 9, 1, 15, 1517),
	(152, 9, 3, 32, 3298),
	(153, 9, 3, 30, 3076),
	(154, 9, 1, 12, 1283),
	(155, 8, 1, 18, 1828),
	(156, 8, 3, 31, 3135),
	(157, 7, 3, 31, 3159),
	(158, 8, 3, 31, 3147),
	(159, 9, 3, 34, 3419),
	(160, 8, 1, 18, 1825),
	(161, 9, 3, 35, 3577),
	(162, 9, 1, 10, 1054),
	(163, 4, 1, 19, 1957),
	(164, 9, 3, 33, 3300),
	(165, 8, 3, 35, 3523),
	(166, 8, 2, 27, 2720),
	(167, 8, 3, 38, 3812),
	(168, 9, 1, 17, 1793),
	(169, 9, 3, 39, 3926),
	(170, 8, 3, 32, 3221),
	(171, 8, 2, 27, 2751),
	(172, 9, 2, 24, 2421),
	(173, 7, 2, 24, 2426),
	(174, 9, 3, 35, 3504),
	(175, 6, 3, 39, 3924),
	(176, 9, 2, 23, 2358),
	(177, 9, 3, 31, 3103),
	(178, 7, 1, 17, 1723),
	(179, 9, 3, 30, 3099),
	(180, 9, 1, 17, 1725),
	(181, 8, 2, 23, 2379),
	(182, 8, 3, 32, 3232),
	(183, 8, 3, 33, 3398),
	(184, 9, 3, 38, 3813),
	(185, 9, 3, 38, 3899),
	(186, 7, 1, 13, 1384),
	(187, 9, 3, 38, 3825),
	(188, 9, 1, 10, 1019),
	(189, 9, 3, 39, 3953),
	(190, 8, 3, 34, 3465),
	(191, 9, 1, 15, 1510),
	(192, 9, 3, 32, 3210),
	(193, 9, 1, 18, 1813),
	(194, 7, 3, 35, 3543),
	(195, 9, 2, 28, 2832),
	(196, 9, 3, 39, 3915),
	(197, 5, 3, 30, 3069),
	(198, 5, 1, 16, 1655),
	(199, 9, 2, 24, 2480),
	(200, 8, 3, 36, 3620),
	(201, 9, 3, 35, 3549),
	(202, 9, 2, 21, 2165),
	(203, 6, 2, 27, 2715),
	(204, 9, 3, 33, 3367),
	(205, 8, 3, 36, 3697),
	(206, 9, 1, 14, 1421),
	(207, 3, 2, 20, 2096),
	(208, 3, 3, 30, 3020),
	(209, 8, 3, 30, 3061),
	(210, 8, 3, 32, 3284),
	(211, 9, 2, 28, 2866),
	(212, 6, 3, 34, 3445),
	(213, 8, 3, 34, 3414),
	(214, 8, 3, 35, 3562),
	(215, 9, 2, 24, 2402),
	(216, 7, 1, 15, 1536),
	(217, 4, 2, 23, 2358),
	(218, 6, 1, 11, 1127),
	(219, 9, 2, 24, 2455),
	(220, 9, 3, 39, 3993),
	(221, 8, 2, 20, 2031),
	(222, 8, 2, 26, 2670),
	(223, 9, 1, 13, 1359),
	(224, 9, 2, 27, 2772),
	(225, 6, 2, 24, 2478),
	(226, 8, 3, 36, 3622),
	(227, 9, 1, 11, 1100),
	(228, 9, 1, 13, 1332),
	(229, 4, 2, 27, 2705),
	(230, 9, 2, 29, 2973),
	(231, 9, 3, 38, 3892),
	(232, 6, 1, 12, 1222),
	(233, 9, 1, 19, 1975),
	(234, 7, 3, 38, 3859),
	(235, 9, 3, 38, 3847),
	(236, 4, 2, 23, 2337),
	(237, 9, 3, 38, 3849),
	(238, 9, 3, 39, 3930),
	(239, 9, 3, 39, 3952),
	(240, 8, 3, 34, 3444),
	(241, 7, 3, 39, 3945),
	(242, 9, 3, 30, 3070),
	(243, 6, 3, 37, 3745),
	(244, 6, 2, 21, 2100),
	(245, 9, 1, 18, 1896),
	(246, 9, 3, 37, 3747),
	(247, 8, 2, 25, 2556),
	(248, 9, 3, 36, 3656),
	(249, 9, 1, 11, 1198),
	(250, 8, 2, 28, 2801),
	(251, 9, 3, 38, 3828),
	(252, 9, 2, 29, 2934),
	(253, 9, 1, 15, 1591),
	(254, 9, 3, 33, 3361),
	(255, 8, 1, 12, 1235),
	(256, 6, 1, 18, 1895),
	(257, 9, 3, 35, 3591),
	(258, 8, 3, 35, 3582),
	(259, 7, 3, 33, 3305),
	(260, 9, 1, 17, 1710),
	(261, 9, 3, 39, 3948),
	(262, 8, 3, 33, 3377),
	(263, 9, 3, 33, 3318),
	(264, 8, 2, 28, 2821),
	(265, 8, 3, 30, 3066),
	(266, 9, 3, 36, 3636),
	(267, 9, 3, 33, 3345),
	(268, 8, 2, 26, 2648),
	(269, 8, 2, 27, 2714),
	(270, 4, 3, 32, 3229),
	(271, 9, 3, 35, 3586),
	(272, 9, 3, 31, 3129),
	(273, 7, 3, 39, 3976),
	(274, 9, 2, 26, 2608),
	(275, 4, 3, 32, 3273),
	(276, 8, 3, 39, 3984),
	(277, 7, 3, 36, 3677),
	(278, 9, 2, 22, 2230),
	(279, 9, 1, 11, 1162),
	(280, 9, 1, 18, 1875),
	(281, 9, 2, 29, 2906),
	(282, 7, 3, 37, 3794),
	(283, 8, 3, 33, 3381),
	(284, 9, 2, 28, 2827),
	(285, 9, 3, 32, 3297),
	(286, 7, 1, 19, 1993),
	(287, 7, 3, 37, 3798),
	(288, 9, 1, 12, 1266),
	(289, 6, 3, 31, 3115),
	(290, 5, 3, 33, 3390),
	(291, 9, 3, 39, 3954),
	(292, 8, 2, 25, 2517),
	(293, 9, 3, 32, 3248),
	(294, 9, 3, 30, 3002),
	(295, 9, 2, 26, 2683),
	(296, 9, 3, 32, 3224),
	(297, 9, 3, 35, 3538),
	(298, 8, 1, 18, 1835),
	(299, 4, 2, 28, 2852),
	(300, 9, 1, 17, 1739),
	(301, 9, 2, 24, 2452),
	(302, 8, 1, 13, 1381),
	(303, 9, 1, 11, 1173),
	(304, 5, 3, 37, 3721),
	(305, 9, 3, 39, 3930),
	(306, 5, 1, 14, 1405),
	(307, 9, 3, 38, 3891),
	(308, 9, 3, 36, 3636),
	(309, 9, 3, 36, 3659),
	(310, 9, 2, 29, 2964),
	(311, 9, 1, 12, 1297),
	(312, 9, 2, 27, 2759),
	(313, 9, 2, 23, 2383),
	(314, 8, 3, 38, 3865),
	(315, 9, 2, 25, 2510),
	(316, 9, 1, 10, 1029),
	(317, 7, 3, 34, 3445),
	(318, 8, 2, 21, 2171),
	(319, 8, 3, 31, 3180),
	(320, 8, 3, 35, 3500),
	(321, 8, 1, 13, 1352),
	(322, 8, 3, 34, 3409),
	(323, 9, 3, 31, 3170),
	(324, 6, 1, 10, 1050),
	(325, 8, 1, 11, 1170),
	(326, 9, 2, 21, 2117),
	(327, 7, 2, 22, 2283),
	(328, 6, 3, 33, 3311),
	(329, 9, 3, 38, 3888),
	(330, 8, 3, 37, 3713),
	(331, 7, 1, 15, 1542),
	(332, 9, 3, 31, 3165),
	(333, 8, 3, 39, 3950),
	(334, 9, 1, 19, 1988),
	(335, 7, 2, 27, 2706),
	(336, 7, 1, 12, 1286),
	(337, 9, 3, 31, 3100),
	(338, 8, 1, 16, 1614),
	(339, 9, 3, 32, 3229),
	(340, 9, 3, 35, 3530),
	(341, 9, 3, 30, 3026),
	(342, 8, 1, 13, 1348),
	(343, 8, 1, 16, 1693),
	(344, 7, 1, 14, 1448),
	(345, 9, 2, 23, 2344),
	(346, 8, 3, 35, 3507),
	(347, 9, 3, 39, 3965),
	(348, 8, 2, 21, 2188),
	(349, 8, 1, 16, 1644),
	(350, 5, 1, 11, 1138),
	(351, 9, 3, 36, 3648),
	(352, 9, 3, 32, 3223),
	(353, 8, 1, 10, 1079),
	(354, 9, 3, 38, 3817),
	(355, 6, 2, 24, 2413),
	(356, 9, 3, 39, 3965),
	(357, 8, 3, 36, 3688),
	(358, 9, 2, 23, 2324),
	(359, 9, 1, 18, 1802),
	(360, 9, 1, 18, 1846),
	(361, 9, 1, 10, 1099),
	(362, 9, 1, 19, 1957),
	(363, 8, 3, 37, 3769),
	(364, 8, 2, 23, 2379),
	(365, 8, 1, 19, 1929),
	(366, 8, 1, 18, 1895),
	(367, 8, 1, 18, 1801),
	(368, 9, 3, 37, 3772),
	(369, 9, 3, 34, 3436),
	(370, 8, 3, 36, 3608),
	(371, 7, 2, 28, 2828),
	(372, 7, 3, 38, 3818),
	(373, 3, 1, 10, 1046),
	(374, 9, 2, 26, 2677),
	(375, 9, 3, 37, 3751),
	(376, 9, 2, 28, 2866),
	(377, 8, 1, 11, 1158),
	(378, 9, 3, 36, 3631),
	(379, 9, 1, 16, 1669),
	(380, 8, 3, 38, 3848),
	(381, 8, 2, 21, 2130),
	(382, 8, 1, 17, 1750),
	(383, 7, 1, 19, 1970),
	(384, 8, 3, 34, 3471),
	(385, 7, 3, 35, 3560),
	(386, 8, 2, 27, 2784),
	(387, 9, 1, 14, 1478),
	(388, 7, 3, 34, 3420),
	(389, 8, 1, 10, 1082),
	(390, 8, 3, 31, 3193),
	(391, 9, 3, 30, 3028),
	(392, 8, 3, 38, 3860),
	(393, 6, 2, 24, 2418),
	(394, 8, 2, 28, 2889),
	(395, 6, 1, 13, 1395),
	(396, 9, 2, 23, 2364),
	(397, 8, 3, 35, 3525),
	(398, 3, 3, 36, 3633),
	(399, 9, 1, 10, 1066),
	(400, 8, 3, 32, 3247),
	(401, 9, 2, 26, 2665),
	(402, 8, 3, 32, 3214),
	(403, 9, 3, 37, 3716),
	(404, 9, 3, 37, 3729),
	(405, 8, 2, 23, 2359),
	(406, 9, 2, 26, 2685),
	(407, 7, 3, 31, 3110),
	(408, 8, 1, 18, 1824),
	(409, 8, 3, 36, 3661),
	(410, 9, 2, 29, 2994),
	(411, 7, 3, 30, 3034),
	(412, 8, 3, 30, 3093),
	(413, 9, 1, 19, 1975),
	(414, 9, 3, 30, 3054),
	(415, 9, 2, 23, 2378),
	(416, 8, 2, 29, 2917),
	(417, 5, 3, 39, 3990),
	(418, 9, 1, 15, 1527),
	(419, 9, 3, 30, 3074),
	(420, 9, 2, 25, 2529),
	(421, 9, 1, 14, 1427),
	(422, 8, 1, 12, 1285),
	(423, 9, 2, 27, 2755),
	(424, 9, 3, 32, 3201),
	(425, 9, 1, 19, 1962),
	(426, 9, 2, 26, 2633),
	(427, 9, 3, 36, 3605),
	(428, 9, 3, 39, 3954),
	(429, 9, 2, 29, 2963),
	(430, 7, 3, 31, 3143),
	(431, 9, 1, 17, 1761),
	(432, 9, 3, 38, 3883),
	(433, 8, 3, 39, 3953),
	(434, 8, 1, 18, 1818),
	(435, 7, 2, 25, 2517),
	(436, 8, 3, 35, 3548),
	(437, 8, 1, 18, 1890),
	(438, 9, 3, 39, 3965),
	(439, 5, 3, 34, 3485),
	(440, 9, 3, 35, 3534),
	(441, 8, 3, 31, 3120),
	(442, 7, 1, 12, 1273),
	(443, 9, 1, 17, 1763),
	(444, 7, 3, 33, 3315),
	(445, 9, 1, 17, 1757),
	(446, 8, 3, 33, 3302),
	(447, 8, 1, 17, 1785),
	(448, 9, 2, 22, 2265),
	(449, 9, 3, 34, 3471),
	(450, 9, 1, 10, 1050),
	(451, 9, 1, 14, 1458),
	(452, 9, 3, 32, 3291),
	(453, 8, 3, 32, 3242),
	(454, 7, 1, 12, 1277),
	(455, 9, 3, 30, 3044),
	(456, 5, 3, 36, 3675),
	(457, 9, 3, 38, 3843),
	(458, 8, 1, 17, 1730),
	(459, 8, 3, 33, 3354),
	(460, 8, 3, 38, 3855),
	(461, 9, 3, 33, 3371),
	(462, 9, 3, 35, 3509),
	(463, 9, 1, 11, 1139),
	(464, 6, 1, 14, 1455),
	(465, 8, 3, 31, 3127),
	(466, 7, 3, 34, 3440),
	(467, 8, 3, 32, 3280),
	(468, 9, 3, 39, 3989),
	(469, 6, 3, 32, 3278),
	(470, 7, 3, 37, 3726),
	(471, 8, 1, 11, 1186),
	(472, 8, 1, 16, 1627),
	(473, 8, 3, 37, 3743),
	(474, 9, 3, 36, 3602),
	(475, 9, 1, 13, 1380),
	(476, 9, 2, 29, 2922),
	(477, 9, 2, 25, 2536),
	(478, 9, 2, 29, 2909),
	(479, 9, 3, 33, 3304),
	(480, 8, 2, 23, 2369),
	(481, 8, 2, 27, 2781),
	(482, 9, 1, 15, 1550),
	(483, 9, 1, 10, 1072),
	(484, 9, 3, 35, 3596),
	(485, 9, 1, 18, 1855),
	(486, 8, 2, 21, 2147),
	(487, 7, 2, 27, 2739),
	(488, 5, 1, 14, 1497),
	(489, 8, 3, 30, 3097),
	(490, 7, 3, 32, 3210),
	(491, 8, 3, 31, 3111),
	(492, 8, 3, 32, 3201),
	(493, 9, 1, 18, 1861),
	(494, 5, 3, 38, 3826),
	(495, 9, 2, 27, 2722),
	(496, 8, 3, 34, 3443),
	(497, 8, 2, 27, 2714),
	(498, 9, 3, 33, 3356),
	(499, 8, 1, 10, 1069),
	(500, 8, 3, 38, 3871),
	(501, 6, 3, 38, 3834),
	(502, 2, 2, 27, 2723),
	(503, 9, 2, 21, 2116),
	(504, 9, 1, 15, 1517),
	(505, 9, 3, 32, 3228),
	(506, 9, 3, 33, 3375),
	(507, 9, 2, 29, 2977),
	(508, 9, 2, 25, 2506),
	(509, 8, 1, 13, 1368),
	(510, 8, 3, 34, 3486),
	(511, 9, 2, 24, 2472),
	(512, 8, 3, 34, 3457),
	(513, 8, 2, 29, 2909),
	(514, 9, 3, 32, 3270),
	(515, 7, 1, 10, 1019),
	(516, 9, 3, 30, 3047),
	(517, 7, 2, 26, 2647),
	(518, 9, 1, 11, 1121),
	(519, 6, 2, 27, 2760),
	(520, 9, 3, 31, 3120),
	(521, 8, 3, 36, 3670),
	(522, 8, 3, 36, 3658),
	(523, 9, 2, 20, 2036),
	(524, 9, 3, 36, 3649),
	(525, 8, 2, 25, 2540),
	(526, 8, 3, 37, 3764),
	(527, 9, 2, 24, 2487),
	(528, 9, 3, 31, 3118),
	(529, 9, 3, 39, 3999),
	(530, 9, 2, 24, 2448),
	(531, 9, 1, 14, 1445),
	(532, 9, 2, 20, 2034),
	(533, 9, 2, 23, 2329),
	(534, 9, 3, 32, 3223),
	(535, 9, 2, 27, 2796),
	(536, 8, 2, 20, 2058),
	(537, 9, 3, 34, 3433),
	(538, 9, 3, 36, 3647),
	(539, 8, 3, 31, 3173),
	(540, 6, 2, 25, 2507),
	(541, 9, 1, 18, 1894),
	(542, 9, 3, 38, 3800),
	(543, 9, 3, 30, 3005),
	(544, 7, 3, 36, 3617),
	(545, 9, 3, 36, 3668),
	(546, 6, 3, 38, 3853),
	(547, 9, 2, 25, 2520),
	(548, 9, 3, 33, 3314),
	(549, 9, 1, 13, 1396),
	(550, 7, 3, 34, 3425),
	(551, 9, 3, 38, 3800),
	(552, 9, 1, 16, 1675),
	(553, 9, 2, 23, 2396),
	(554, 9, 3, 35, 3592),
	(555, 8, 3, 34, 3439),
	(556, 8, 1, 10, 1037),
	(557, 8, 2, 27, 2768),
	(558, 9, 3, 36, 3681),
	(559, 9, 3, 37, 3727),
	(560, 9, 3, 31, 3153),
	(561, 1, 1, 17, 1759),
	(562, 9, 1, 17, 1702),
	(563, 9, 1, 18, 1821),
	(564, 8, 3, 34, 3470),
	(565, 7, 1, 12, 1234),
	(566, 6, 1, 14, 1444),
	(567, 7, 2, 27, 2752),
	(568, 9, 3, 39, 3964),
	(569, 9, 2, 24, 2419),
	(570, 9, 3, 32, 3229),
	(571, 7, 1, 10, 1099),
	(572, 8, 1, 11, 1169),
	(573, 7, 2, 24, 2485),
	(574, 7, 1, 17, 1704),
	(575, 4, 3, 38, 3847),
	(576, 9, 1, 11, 1100),
	(577, 7, 3, 34, 3469),
	(578, 4, 2, 21, 2183),
	(579, 9, 3, 35, 3500),
	(580, 9, 2, 24, 2492),
	(581, 9, 3, 33, 3379),
	(582, 9, 1, 11, 1196),
	(583, 6, 1, 10, 1069),
	(584, 6, 3, 32, 3234),
	(585, 9, 3, 37, 3766),
	(586, 8, 2, 24, 2489),
	(587, 9, 2, 29, 2928),
	(588, 3, 3, 32, 3295),
	(589, 9, 2, 21, 2156),
	(590, 8, 3, 38, 3868),
	(591, 9, 1, 11, 1145),
	(592, 8, 3, 31, 3183),
	(593, 9, 3, 36, 3663),
	(594, 9, 3, 31, 3150),
	(595, 8, 3, 34, 3467),
	(596, 6, 3, 34, 3449),
	(597, 9, 1, 17, 1759),
	(598, 8, 1, 10, 1037),
	(599, 8, 2, 24, 2439),
	(600, 7, 3, 38, 3825),
	(601, 8, 3, 35, 3543),
	(602, 9, 2, 23, 2389),
	(603, 9, 2, 29, 2999),
	(604, 8, 3, 33, 3370),
	(605, 9, 1, 16, 1687),
	(606, 6, 3, 39, 3987),
	(607, 8, 1, 15, 1537),
	(608, 8, 3, 37, 3791),
	(609, 8, 2, 26, 2651),
	(610, 7, 3, 30, 3054),
	(611, 9, 3, 34, 3488),
	(612, 8, 1, 11, 1111),
	(613, 8, 3, 36, 3633),
	(614, 3, 1, 10, 1070),
	(615, 7, 1, 11, 1164),
	(616, 9, 3, 35, 3552),
	(617, 8, 3, 30, 3044),
	(618, 8, 1, 14, 1437),
	(619, 9, 3, 37, 3703),
	(620, 8, 3, 30, 3035),
	(621, 8, 1, 17, 1709),
	(622, 9, 1, 14, 1400),
	(623, 9, 3, 30, 3042),
	(624, 5, 2, 22, 2217),
	(625, 9, 2, 22, 2263),
	(626, 7, 1, 14, 1449),
	(627, 9, 3, 39, 3941),
	(628, 8, 1, 18, 1874),
	(629, 9, 3, 36, 3629),
	(630, 9, 3, 33, 3303),
	(631, 9, 1, 19, 1922),
	(632, 9, 2, 27, 2729),
	(633, 7, 1, 13, 1366),
	(634, 8, 1, 19, 1935),
	(635, 9, 1, 12, 1225),
	(636, 9, 2, 20, 2027),
	(637, 9, 1, 17, 1736),
	(638, 8, 3, 33, 3336),
	(639, 7, 3, 31, 3128),
	(640, 9, 3, 37, 3731),
	(641, 9, 1, 18, 1841),
	(642, 8, 3, 31, 3101),
	(643, 4, 2, 20, 2048),
	(644, 6, 3, 35, 3516),
	(645, 9, 3, 31, 3132),
	(646, 9, 2, 22, 2240),
	(647, 9, 3, 33, 3344),
	(648, 8, 1, 14, 1438),
	(649, 9, 2, 29, 2972),
	(650, 6, 2, 27, 2716),
	(651, 8, 2, 20, 2068),
	(652, 9, 2, 26, 2646),
	(653, 9, 3, 31, 3114),
	(654, 5, 3, 34, 3480),
	(655, 9, 3, 35, 3530),
	(656, 9, 3, 32, 3292),
	(657, 9, 2, 24, 2457),
	(658, 6, 1, 17, 1759),
	(659, 8, 1, 16, 1643),
	(660, 6, 3, 33, 3375),
	(661, 6, 3, 35, 3527),
	(662, 7, 3, 34, 3433),
	(663, 9, 1, 14, 1405),
	(664, 9, 3, 35, 3505),
	(665, 9, 3, 39, 3922),
	(666, 8, 2, 26, 2638),
	(667, 9, 3, 36, 3606),
	(668, 5, 1, 12, 1235),
	(669, 9, 3, 35, 3587),
	(670, 9, 3, 30, 3066),
	(671, 9, 2, 21, 2136),
	(672, 7, 2, 23, 2327),
	(673, 8, 3, 31, 3113),
	(674, 7, 3, 31, 3125),
	(675, 6, 3, 39, 3993),
	(676, 7, 1, 10, 1089),
	(677, 8, 1, 19, 1959),
	(678, 9, 3, 39, 3916),
	(679, 8, 3, 32, 3264),
	(680, 9, 3, 37, 3730),
	(681, 9, 3, 30, 3097),
	(682, 9, 3, 38, 3864),
	(683, 8, 3, 33, 3307),
	(684, 9, 3, 37, 3727),
	(685, 8, 3, 34, 3412),
	(686, 9, 2, 26, 2659),
	(687, 9, 1, 15, 1552),
	(688, 8, 3, 37, 3777),
	(689, 9, 3, 33, 3383),
	(690, 9, 2, 29, 2961),
	(691, 9, 3, 36, 3622),
	(692, 9, 2, 22, 2260),
	(693, 9, 1, 13, 1388),
	(694, 8, 2, 24, 2480),
	(695, 9, 2, 29, 2987),
	(696, 9, 1, 19, 1989),
	(697, 8, 2, 27, 2751),
	(698, 9, 3, 39, 3999),
	(699, 8, 1, 15, 1528),
	(700, 9, 1, 10, 1037),
	(701, 7, 3, 34, 3450),
	(702, 9, 2, 23, 2356),
	(703, 9, 1, 12, 1285),
	(704, 9, 3, 34, 3409),
	(705, 2, 1, 14, 1435),
	(706, 8, 3, 36, 3671),
	(707, 7, 1, 12, 1286),
	(708, 7, 3, 36, 3662),
	(709, 9, 2, 24, 2420),
	(710, 9, 2, 28, 2855),
	(711, 9, 2, 22, 2202),
	(712, 6, 1, 10, 1015),
	(713, 9, 2, 24, 2492),
	(714, 1, 2, 22, 2201),
	(715, 9, 2, 21, 2140),
	(716, 9, 3, 38, 3864),
	(717, 9, 1, 13, 1383),
	(718, 9, 3, 39, 3997),
	(719, 9, 2, 21, 2116),
	(720, 9, 3, 30, 3031),
	(721, 9, 3, 39, 3993),
	(722, 9, 3, 34, 3494),
	(723, 7, 1, 14, 1472),
	(724, 8, 3, 32, 3224),
	(725, 7, 2, 28, 2863),
	(726, 4, 3, 37, 3767),
	(727, 9, 1, 19, 1922),
	(728, 8, 2, 22, 2254),
	(729, 7, 3, 33, 3300),
	(730, 8, 2, 21, 2187),
	(731, 9, 1, 18, 1838),
	(732, 9, 1, 17, 1797),
	(733, 9, 2, 29, 2969),
	(734, 7, 3, 39, 3943),
	(735, 9, 3, 36, 3658),
	(736, 8, 1, 10, 1090),
	(737, 7, 3, 30, 3013),
	(738, 9, 3, 31, 3114),
	(739, 6, 2, 25, 2501),
	(740, 9, 1, 10, 1073),
	(741, 8, 3, 38, 3862),
	(742, 6, 3, 38, 3870),
	(743, 7, 1, 11, 1166),
	(744, 8, 2, 27, 2769),
	(745, 9, 2, 29, 2984),
	(746, 8, 3, 35, 3598),
	(747, 9, 2, 26, 2667),
	(748, 8, 3, 35, 3581),
	(749, 8, 2, 21, 2172),
	(750, 9, 3, 35, 3547),
	(751, 6, 2, 24, 2427),
	(752, 9, 2, 24, 2488),
	(753, 8, 1, 19, 1909),
	(754, 3, 2, 20, 2031),
	(755, 9, 2, 27, 2724),
	(756, 9, 2, 26, 2650),
	(757, 6, 3, 31, 3113),
	(758, 7, 2, 24, 2423),
	(759, 5, 3, 37, 3754),
	(760, 8, 3, 39, 3976),
	(761, 8, 3, 38, 3861),
	(762, 9, 1, 15, 1580),
	(763, 9, 2, 26, 2665),
	(764, 7, 3, 39, 3957),
	(765, 9, 1, 18, 1855),
	(766, 9, 2, 22, 2272),
	(767, 9, 2, 23, 2324),
	(768, 9, 3, 32, 3292),
	(769, 8, 2, 21, 2175),
	(770, 9, 3, 36, 3627),
	(771, 7, 1, 11, 1189),
	(772, 9, 3, 30, 3055),
	(773, 8, 3, 31, 3172),
	(774, 9, 1, 11, 1179),
	(775, 8, 3, 31, 3187),
	(776, 6, 1, 19, 1909),
	(777, 7, 3, 32, 3284),
	(778, 9, 1, 11, 1122),
	(779, 7, 1, 15, 1522),
	(780, 5, 3, 38, 3896),
	(781, 9, 3, 36, 3664),
	(782, 7, 3, 37, 3755),
	(783, 9, 3, 36, 3643),
	(784, 9, 2, 28, 2841),
	(785, 9, 3, 38, 3899),
	(786, 9, 1, 12, 1208),
	(787, 8, 3, 35, 3527),
	(788, 5, 3, 33, 3323),
	(789, 9, 3, 35, 3583),
	(790, 8, 3, 31, 3191),
	(791, 9, 2, 27, 2789),
	(792, 6, 1, 14, 1497),
	(793, 9, 3, 39, 3905),
	(794, 9, 3, 35, 3523),
	(795, 9, 3, 36, 3629),
	(796, 7, 1, 12, 1274),
	(797, 9, 3, 35, 3554),
	(798, 9, 3, 34, 3409),
	(799, 9, 3, 33, 3392),
	(800, 9, 3, 31, 3110),
	(801, 8, 2, 20, 2003),
	(802, 9, 3, 31, 3178),
	(803, 7, 1, 12, 1288),
	(804, 9, 2, 22, 2214),
	(805, 9, 3, 31, 3169),
	(806, 8, 1, 11, 1161),
	(807, 9, 3, 32, 3267),
	(808, 9, 3, 36, 3628),
	(809, 8, 3, 37, 3702),
	(810, 8, 3, 32, 3258),
	(811, 9, 3, 36, 3676),
	(812, 5, 3, 37, 3777),
	(813, 9, 2, 27, 2763),
	(814, 7, 3, 32, 3230),
	(815, 9, 3, 36, 3660),
	(816, 9, 3, 33, 3367),
	(817, 6, 3, 35, 3579),
	(818, 8, 3, 31, 3154),
	(819, 8, 3, 30, 3025),
	(820, 9, 1, 12, 1253),
	(821, 7, 2, 27, 2712),
	(822, 9, 2, 23, 2301),
	(823, 9, 1, 18, 1809),
	(824, 8, 3, 31, 3141),
	(825, 9, 2, 23, 2382),
	(826, 9, 1, 16, 1666),
	(827, 6, 1, 11, 1192),
	(828, 8, 3, 36, 3628),
	(829, 6, 1, 17, 1755),
	(830, 9, 2, 20, 2022),
	(831, 9, 2, 27, 2720),
	(832, 9, 1, 18, 1880),
	(833, 9, 3, 39, 3988),
	(834, 8, 3, 35, 3560),
	(835, 8, 2, 27, 2797),
	(836, 9, 2, 22, 2234),
	(837, 9, 1, 18, 1888),
	(838, 7, 3, 30, 3079),
	(839, 8, 2, 29, 2996),
	(840, 9, 3, 38, 3870),
	(841, 8, 3, 39, 3997),
	(842, 7, 3, 30, 3099),
	(843, 8, 1, 18, 1843),
	(844, 9, 3, 31, 3118),
	(845, 9, 2, 28, 2862),
	(846, 9, 3, 36, 3630),
	(847, 8, 3, 37, 3777),
	(848, 8, 3, 36, 3632),
	(849, 8, 1, 17, 1706),
	(850, 9, 3, 36, 3692),
	(851, 9, 2, 20, 2054),
	(852, 7, 2, 28, 2898),
	(853, 8, 3, 31, 3109),
	(854, 5, 3, 39, 3949),
	(855, 6, 2, 27, 2704),
	(856, 8, 3, 30, 3024),
	(857, 7, 3, 34, 3403),
	(858, 8, 1, 10, 1095),
	(859, 9, 3, 38, 3878),
	(860, 9, 3, 38, 3870),
	(861, 5, 2, 27, 2764),
	(862, 9, 2, 24, 2456),
	(863, 9, 1, 17, 1781),
	(864, 9, 2, 27, 2729),
	(865, 8, 2, 21, 2173),
	(866, 8, 2, 23, 2358),
	(867, 9, 3, 36, 3661),
	(868, 9, 2, 25, 2525),
	(869, 9, 3, 32, 3201),
	(870, 8, 3, 36, 3683),
	(871, 9, 2, 26, 2691),
	(872, 9, 2, 27, 2751),
	(873, 9, 1, 12, 1299),
	(874, 8, 2, 29, 2923),
	(875, 6, 2, 20, 2027),
	(876, 9, 2, 20, 2024),
	(877, 9, 3, 33, 3376),
	(878, 7, 3, 37, 3776),
	(879, 9, 1, 10, 1093),
	(880, 8, 3, 38, 3884),
	(881, 9, 3, 37, 3710),
	(882, 8, 3, 39, 3901),
	(883, 8, 3, 38, 3887),
	(884, 9, 3, 35, 3565),
	(885, 9, 2, 21, 2109),
	(886, 9, 3, 35, 3508),
	(887, 9, 2, 27, 2785),
	(888, 9, 1, 12, 1237),
	(889, 6, 1, 17, 1751),
	(890, 9, 3, 33, 3314),
	(891, 7, 3, 39, 3976),
	(892, 8, 3, 38, 3858),
	(893, 8, 3, 33, 3330),
	(894, 9, 1, 13, 1321),
	(895, 6, 3, 36, 3672),
	(896, 5, 2, 20, 2037),
	(897, 9, 3, 32, 3232),
	(898, 9, 3, 32, 3220),
	(899, 9, 1, 15, 1590),
	(900, 9, 3, 32, 3293),
	(901, 9, 1, 19, 1991),
	(902, 5, 3, 31, 3138),
	(903, 9, 3, 37, 3791),
	(904, 4, 3, 38, 3891),
	(905, 9, 2, 27, 2713),
	(906, 9, 2, 24, 2423),
	(907, 7, 3, 39, 3906),
	(908, 8, 3, 30, 3060),
	(909, 6, 3, 31, 3171),
	(910, 6, 2, 27, 2768),
	(911, 7, 3, 32, 3278),
	(912, 9, 3, 35, 3519),
	(913, 9, 3, 39, 3959),
	(914, 9, 3, 39, 3914),
	(915, 5, 1, 11, 1128),
	(916, 9, 3, 39, 3957),
	(917, 9, 1, 15, 1590),
	(918, 8, 3, 33, 3385),
	(919, 7, 3, 35, 3561),
	(920, 9, 3, 30, 3092),
	(921, 9, 2, 29, 2913),
	(922, 8, 3, 33, 3354),
	(923, 8, 3, 38, 3819),
	(924, 8, 3, 37, 3715),
	(925, 8, 3, 34, 3454),
	(926, 7, 1, 12, 1212),
	(927, 9, 3, 39, 3956),
	(928, 9, 2, 20, 2029),
	(929, 7, 1, 12, 1245),
	(930, 9, 3, 32, 3284),
	(931, 9, 2, 20, 2064),
	(932, 6, 3, 39, 3946),
	(933, 8, 1, 14, 1468),
	(934, 7, 2, 21, 2135),
	(935, 9, 1, 11, 1164),
	(936, 7, 3, 38, 3861),
	(937, 9, 1, 15, 1519),
	(938, 8, 3, 32, 3241),
	(939, 6, 1, 11, 1153),
	(940, 9, 3, 34, 3446),
	(941, 9, 3, 31, 3145),
	(942, 6, 1, 13, 1393),
	(943, 9, 3, 37, 3749),
	(944, 9, 3, 37, 3790),
	(945, 4, 2, 26, 2673),
	(946, 7, 3, 38, 3849),
	(947, 9, 2, 29, 2977),
	(948, 8, 2, 28, 2834),
	(949, 9, 3, 38, 3878),
	(950, 9, 1, 16, 1686),
	(951, 5, 3, 30, 3035),
	(952, 6, 3, 33, 3308),
	(953, 9, 3, 33, 3351),
	(954, 8, 2, 24, 2411),
	(955, 8, 3, 36, 3660),
	(956, 7, 1, 18, 1898),
	(957, 5, 2, 26, 2649),
	(958, 9, 3, 33, 3367),
	(959, 9, 3, 38, 3817),
	(960, 7, 1, 19, 1945),
	(961, 9, 1, 10, 1033),
	(962, 8, 2, 26, 2637),
	(963, 6, 2, 26, 2679),
	(964, 7, 2, 28, 2854),
	(965, 8, 1, 12, 1297),
	(966, 6, 3, 31, 3188),
	(967, 6, 3, 37, 3702),
	(968, 9, 1, 10, 1065),
	(969, 8, 3, 33, 3329),
	(970, 9, 2, 20, 2077),
	(971, 9, 2, 27, 2787),
	(972, 9, 3, 33, 3370),
	(973, 9, 3, 39, 3905),
	(974, 9, 2, 20, 2039),
	(975, 8, 3, 38, 3899),
	(976, 8, 3, 35, 3556),
	(977, 9, 3, 35, 3503),
	(978, 7, 1, 19, 1925),
	(979, 9, 3, 38, 3873),
	(980, 7, 3, 33, 3304),
	(981, 8, 3, 39, 3938),
	(982, 8, 3, 30, 3018),
	(983, 9, 1, 15, 1504),
	(984, 9, 2, 29, 2915),
	(985, 8, 3, 32, 3222),
	(986, 9, 3, 37, 3724),
	(987, 9, 3, 38, 3886),
	(988, 9, 3, 34, 3435),
	(989, 9, 2, 24, 2482),
	(990, 9, 3, 34, 3487),
	(991, 9, 1, 13, 1367),
	(992, 7, 2, 22, 2224),
	(993, 9, 1, 18, 1860),
	(994, 9, 3, 34, 3437),
	(995, 9, 3, 38, 3863),
	(996, 9, 1, 10, 1052),
	(997, 8, 1, 17, 1771),
	(998, 7, 2, 22, 2278),
	(999, 9, 3, 34, 3493),
	(1000, 9, 3, 39, 3928);
/*!40000 ALTER TABLE `room` ENABLE KEYS */;

-- Dumping structure for table ggdb.roomtype
CREATE TABLE IF NOT EXISTS `roomtype` (
  `id` int(11) NOT NULL AUTO_INCREMENT,
  `name` varchar(20) DEFAULT NULL,
  PRIMARY KEY (`id`)
) ENGINE=InnoDB AUTO_INCREMENT=4 DEFAULT CHARSET=utf8mb4;

-- Dumping data for table ggdb.roomtype: ~3 rows (approximately)
/*!40000 ALTER TABLE `roomtype` DISABLE KEYS */;
INSERT INTO `roomtype` (`id`, `name`) VALUES
	(1, 'Enkelrum'),
	(2, 'Dubbelrum'),
	(3, 'Familjerum');
/*!40000 ALTER TABLE `roomtype` ENABLE KEYS */;

-- Dumping structure for table ggdb.room_booking
CREATE TABLE IF NOT EXISTS `room_booking` (
  `id` int(11) NOT NULL AUTO_INCREMENT,
  `booking_id` int(11) NOT NULL,
  `room_id` int(11) NOT NULL,
  `date_in` date NOT NULL,
  `date_out` date NOT NULL,
  `all_inclusive` bit(1) DEFAULT NULL,
  `half_pension` bit(1) DEFAULT NULL,
  `full_pension` bit(1) DEFAULT NULL,
  `extra_bed` bit(1) DEFAULT NULL,
  `adults` int(11) NOT NULL,
  `children` int(11) NOT NULL,
  `price` int(11) NOT NULL,
  PRIMARY KEY (`id`),
  KEY `booking_id` (`booking_id`),
  KEY `room_id` (`room_id`),
  CONSTRAINT `room_booking_ibfk_1` FOREIGN KEY (`booking_id`) REFERENCES `booking` (`id`),
  CONSTRAINT `room_booking_ibfk_2` FOREIGN KEY (`room_id`) REFERENCES `room` (`id`)
) ENGINE=InnoDB AUTO_INCREMENT=68 DEFAULT CHARSET=utf8mb4;

-- Dumping data for table ggdb.room_booking: ~62 rows (approximately)
/*!40000 ALTER TABLE `room_booking` DISABLE KEYS */;
INSERT INTO `room_booking` (`id`, `booking_id`, `room_id`, `date_in`, `date_out`, `all_inclusive`, `half_pension`, `full_pension`, `extra_bed`, `adults`, `children`, `price`) VALUES
	(1, 1, 730, '2020-06-18', '2020-07-24', b'1', b'1', b'1', b'1', 4, 2, 45514),
	(2, 2, 225, '2020-06-01', '2020-07-05', b'1', b'0', b'1', b'1', 4, 2, 45449),
	(3, 3, 671, '2020-06-03', '2020-07-18', b'0', b'0', b'1', b'0', 1, 0, 17305),
	(4, 4, 509, '2020-06-08', '2020-07-03', b'0', b'0', b'0', b'0', 1, 0, 17179),
	(5, 5, 270, '2020-06-16', '2020-07-30', b'0', b'1', b'1', b'1', 4, 2, 49107),
	(6, 6, 399, '2020-06-14', '2020-07-15', b'1', b'1', b'1', b'1', 4, 1, 43851),
	(7, 7, 10, '2020-06-05', '2020-07-21', b'0', b'0', b'1', b'0', 4, 2, 49172),
	(8, 8, 667, '2020-06-27', '2020-07-13', b'1', b'0', b'1', b'0', 4, 1, 45435),
	(9, 9, 44, '2020-06-25', '2020-07-03', b'0', b'0', b'0', b'1', 4, 2, 47521),
	(10, 10, 894, '2020-06-14', '2020-07-14', b'0', b'0', b'0', b'0', 3, 2, 39580),
	(11, 11, 379, '2020-06-26', '2020-07-22', b'0', b'1', b'0', b'1', 1, 2, 19643),
	(12, 12, 977, '2020-06-18', '2020-07-22', b'1', b'0', b'1', b'0', 1, 0, 17863),
	(13, 13, 879, '2020-06-20', '2020-07-12', b'1', b'0', b'0', b'0', 2, 2, 29482),
	(14, 14, 849, '2020-06-25', '2020-07-13', b'0', b'0', b'0', b'1', 4, 2, 49390),
	(15, 15, 21, '2020-06-12', '2020-07-19', b'1', b'0', b'0', b'0', 4, 1, 45909),
	(16, 16, 371, '2020-06-28', '2020-07-04', b'1', b'1', b'0', b'0', 3, 2, 39531),
	(17, 17, 943, '2020-06-26', '2020-07-24', b'0', b'1', b'1', b'1', 3, 0, 33541),
	(18, 18, 180, '2020-06-09', '2020-07-04', b'0', b'0', b'1', b'0', 3, 0, 35273),
	(19, 19, 583, '2020-06-03', '2020-07-29', b'1', b'1', b'0', b'1', 4, 2, 49937),
	(20, 20, 881, '2020-06-23', '2020-07-28', b'0', b'1', b'0', b'0', 2, 2, 29772),
	(21, 21, 479, '2020-06-16', '2020-07-27', b'0', b'1', b'1', b'1', 3, 2, 39892),
	(22, 22, 361, '2020-06-19', '2020-07-17', b'0', b'0', b'0', b'0', 4, 1, 43088),
	(23, 23, 353, '2020-06-05', '2020-07-28', b'0', b'1', b'0', b'0', 4, 2, 47477),
	(24, 24, 687, '2020-06-11', '2020-07-02', b'0', b'0', b'0', b'1', 1, 2, 13641),
	(25, 25, 947, '2020-06-08', '2020-07-28', b'0', b'0', b'0', b'1', 4, 0, 45772),
	(26, 26, 833, '2020-06-05', '2020-07-24', b'1', b'1', b'1', b'1', 4, 1, 49511),
	(27, 27, 408, '2020-06-28', '2020-07-22', b'0', b'1', b'0', b'1', 1, 2, 17824),
	(28, 28, 68, '2020-06-09', '2020-07-10', b'1', b'1', b'0', b'1', 3, 2, 39604),
	(29, 29, 382, '2020-06-07', '2020-07-02', b'1', b'0', b'0', b'1', 4, 2, 49191),
	(30, 30, 38, '2020-06-22', '2020-07-28', b'0', b'1', b'0', b'1', 4, 2, 49593),
	(31, 31, 675, '2020-06-01', '2020-07-03', b'0', b'1', b'0', b'1', 4, 1, 49036),
	(32, 32, 379, '2020-06-21', '2020-06-23', b'1', b'0', b'0', b'0', 3, 0, 39124),
	(33, 33, 560, '2020-06-15', '2020-07-08', b'0', b'1', b'1', b'0', 3, 2, 37469),
	(34, 34, 322, '2020-06-04', '2020-07-07', b'0', b'1', b'1', b'1', 4, 2, 45612),
	(35, 35, 632, '2020-06-03', '2020-07-26', b'0', b'1', b'1', b'1', 3, 2, 39775),
	(36, 36, 47, '2020-06-27', '2020-07-08', b'0', b'0', b'1', b'0', 3, 0, 39107),
	(37, 37, 784, '2020-06-05', '2020-07-29', b'0', b'0', b'1', b'0', 4, 2, 43060),
	(38, 38, 991, '2020-06-04', '2020-07-12', b'1', b'0', b'1', b'0', 4, 0, 47344),
	(39, 39, 517, '2020-06-06', '2020-07-01', b'1', b'0', b'0', b'1', 4, 1, 47467),
	(40, 40, 563, '2020-06-29', '2020-07-15', b'1', b'0', b'0', b'1', 2, 2, 23290),
	(41, 41, 181, '2020-06-01', '2020-07-23', b'1', b'0', b'0', b'0', 3, 1, 35368),
	(42, 42, 532, '2020-06-29', '2020-07-13', b'0', b'0', b'0', b'0', 2, 1, 27134),
	(43, 43, 733, '2020-06-19', '2020-07-09', b'1', b'1', b'0', b'1', 3, 2, 39159),
	(44, 44, 283, '2020-06-27', '2020-07-27', b'0', b'1', b'1', b'1', 4, 1, 49445),
	(45, 45, 629, '2020-06-15', '2020-07-02', b'0', b'1', b'0', b'0', 4, 1, 49152),
	(46, 46, 712, '2020-06-21', '2020-07-26', b'0', b'1', b'1', b'0', 1, 2, 19368),
	(47, 47, 554, '2020-06-12', '2020-07-04', b'1', b'1', b'1', b'1', 4, 1, 45673),
	(48, 48, 71, '2020-06-21', '2020-07-15', b'0', b'0', b'1', b'1', 3, 2, 37633),
	(49, 49, 988, '2020-06-21', '2020-07-07', b'0', b'0', b'1', b'0', 3, 2, 37031),
	(54, 80, 2, '2020-07-01', '2020-07-03', b'1', b'0', b'0', b'0', 2, 0, 1435),
	(55, 80, 2, '2020-07-01', '2020-07-03', b'1', b'0', b'0', b'0', 2, 0, 1435),
	(56, 81, 28, '2020-07-02', '2020-07-03', b'1', b'0', b'0', b'0', 1, 0, 1015),
	(57, 82, 1, '2020-07-01', '2020-07-08', b'0', b'0', b'1', b'0', 1, 1, 1000),
	(58, 83, 3, '2020-07-02', '2020-07-08', b'0', b'0', b'1', b'0', 1, 1, 599),
	(59, 83, 1, '2020-07-01', '2020-07-08', b'0', b'0', b'1', b'0', 1, 1, 1000),
	(60, 84, 2, '2020-07-01', '2020-07-10', b'1', b'0', b'0', b'0', 2, 3, 0),
	(61, 87, 3, '2020-07-08', '2020-07-14', b'1', b'0', b'0', b'0', 2, 0, 0),
	(62, 88, 2, '2020-07-08', '2020-07-14', b'0', b'0', b'1', b'0', 1, 0, 0),
	(63, 89, 2, '2020-07-01', '2020-07-02', b'0', b'0', b'1', b'0', 2, 0, 0),
	(64, 90, 1, '2020-07-22', '2020-07-22', b'1', b'0', b'0', b'0', 2, 21, 0),
	(65, 90, 2, '2020-07-01', '2020-07-02', b'0', b'0', b'1', b'0', 2, 0, 0),
	(66, 90, 1, '2020-07-22', '2020-07-22', b'1', b'0', b'0', b'0', 2, 1, 0),
	(67, 94, 46, '2020-07-01', '2020-07-08', b'0', b'0', b'1', b'0', 2, 1, 9184);
/*!40000 ALTER TABLE `room_booking` ENABLE KEYS */;

-- Dumping structure for view ggdb.room_booking_view
-- Creating temporary table to overcome VIEW dependency errors
CREATE TABLE `room_booking_view` (
	`room_booking_id` INT(11) NOT NULL,
	`room_id` INT(11) NOT NULL,
	`roomtype_name` VARCHAR(20) NULL COLLATE 'utf8mb4_general_ci',
	`hotel_name` VARCHAR(30) NULL COLLATE 'utf8mb4_general_ci',
	`date_checkin` DATE NOT NULL,
	`date_checkout` DATE NOT NULL
) ENGINE=MyISAM;

-- Dumping structure for table ggdb.users
CREATE TABLE IF NOT EXISTS `users` (
  `id` int(11) NOT NULL AUTO_INCREMENT,
  `username` varchar(30) DEFAULT NULL,
  `email` varchar(50) DEFAULT NULL,
  `pw` varchar(100) DEFAULT NULL,
  `phone` varchar(20) DEFAULT NULL,
  `first_name` varchar(30) DEFAULT NULL,
  `last_name` varchar(30) DEFAULT NULL,
  `address` varchar(40) DEFAULT NULL,
  PRIMARY KEY (`id`)
) ENGINE=InnoDB AUTO_INCREMENT=1011 DEFAULT CHARSET=utf8mb4;

-- Dumping data for table ggdb.users: ~1,001 rows (approximately)
/*!40000 ALTER TABLE `users` DISABLE KEYS */;
INSERT INTO `users` (`id`, `username`, `email`, `pw`, `phone`, `first_name`, `last_name`, `address`) VALUES
	(1, 'Bo78', 'bo@email.mail', 'bossesPassword', '0202020202', 'Bosse', 'Boson', 'Vägvägen 7'),
	(2, 'siv324', 'mail@email.mail', 'sassword', '0202020202', 'Siv', 'Sieve', 'Gatgatan 12'),
	(3, 'aaberchirder2', 'aaberchirder2@uol.com.br', 'T1yTJxW', '+380 793 679 9408', 'Ardene', 'Aberchirder', '17008 Pepper Wood Street'),
	(4, 'npitblado3', 'npitblado3@fastcompany.com', 'l9rbJcNBnv', '+380 650 875 3689', 'Nels', 'Pitblado', '46716 Manitowish Pass'),
	(5, 'ekelcey4', 'ekelcey4@people.com.cn', 'iXZ5J1kmQ6', '+504 272 524 6238', 'Emery', 'Kelcey', '5358 Crownhardt Street'),
	(6, 'dfookes5', 'dfookes5@nymag.com', 'gUiiWHwMMpm3', '+355 208 325 1111', 'Doll', 'Fookes', '6 Doe Crossing Terrace'),
	(7, 'mbercevelo6', 'mbercevelo6@ovh.net', 'SC4VMypqj5CY', '+57 879 588 6394', 'Mariele', 'Bercevelo', '8 Dorton Terrace'),
	(8, 'xpryce7', 'xpryce7@github.io', 'rgwm6H6', '+86 592 926 4918', 'Xylia', 'Pryce', '15 Lakewood Place'),
	(9, 'aworts8', 'aworts8@yelp.com', 'pmlWcdQT', '+385 950 313 3795', 'Andrea', 'Worts', '5 Clarendon Junction'),
	(10, 'fearney9', 'fearney9@tuttocitta.it', '2ZNygr15JlOp', '+56 736 260 1719', 'Fredra', 'Earney', '59382 Killdeer Road'),
	(11, 'nsomesa', 'nsomesa@yahoo.com', 'tvodwMLSf4r', '+86 755 145 5023', 'Nollie', 'Somes', '39089 Lakeland Park'),
	(12, 'donolandb', 'donolandb@blogger.com', 'eb6PdN', '+86 563 622 4390', 'Danette', 'O\'Noland', '595 Prairieview Plaza'),
	(13, 'gpinderc', 'gpinderc@gizmodo.com', 'WUIpQ3FOaeWH', '+81 918 488 1560', 'Gradey', 'Pinder', '58256 Michigan Trail'),
	(14, 'nfindersd', 'nfindersd@flickr.com', 'kfmlpocY3dq', '+62 710 991 0399', 'Ninette', 'Finders', '99352 Lyons Junction'),
	(15, 'logelsbye', 'logelsbye@lycos.com', 'W79d1zKqD', '+977 457 967 6628', 'Liv', 'Ogelsby', '59300 Fulton Terrace'),
	(16, 'kbootlandf', 'kbootlandf@ustream.tv', 'CUoSE6YI', '+975 729 225 8472', 'Katya', 'Bootland', '5114 Donald Terrace'),
	(17, 'bbrunelg', 'bbrunelg@marketwatch.com', 'MEiW4tlglDQI', '+92 587 379 9716', 'Blinnie', 'Brunel', '21621 Little Fleur Center'),
	(18, 'achristleyh', 'achristleyh@parallels.com', 'XwWZKNk', '+86 338 813 8174', 'Adham', 'Christley', '42 Toban Lane'),
	(19, 'cthoumasi', 'cthoumasi@github.io', 'XS2LCUIL', '+54 988 732 8183', 'Cheri', 'Thoumas', '359 8th Hill'),
	(20, 'rcottellj', 'rcottellj@microsoft.com', 'ECraj5HMmoZ', '+63 283 270 2840', 'Regen', 'Cottell', '309 Maple Wood Pass'),
	(21, 'mwanjekk', 'mwanjekk@geocities.jp', 'g8PySWVyE1sk', '+86 589 715 4606', 'Mariele', 'Wanjek', '1859 Jenna Parkway'),
	(22, 'scantopherl', 'scantopherl@phpbb.com', 'ML1UQoG', '+86 393 569 2814', 'Shandra', 'Cantopher', '43 Maple Road'),
	(23, 'apfefflem', 'apfefflem@weather.com', 'Jgm8wWqK2ES', '+51 555 338 1254', 'Anastasia', 'Pfeffle', '0 Thackeray Avenue'),
	(24, 'imckennan', 'imckennan@unesco.org', 'GSu1e45ZXf', '+81 481 324 9859', 'Ira', 'McKenna', '1494 Quincy Way'),
	(25, 'gbusso', 'gbusso@google.com.au', 'Pu3dsGu3', '+502 489 973 5879', 'Goldy', 'Buss', '0 Quincy Plaza'),
	(26, 'dcafferyp', 'dcafferyp@globo.com', '3ENljb', '+62 911 301 3683', 'Darell', 'Caffery', '247 Union Center'),
	(27, 'jgreallyq', 'jgreallyq@npr.org', 'ZiHnd3p6H', '+60 106 326 5759', 'Juliann', 'Greally', '44460 Grover Drive'),
	(28, 'lcowgillr', 'lcowgillr@friendfeed.com', 'sSGdEy6', '+33 576 552 8972', 'Luce', 'Cowgill', '88 Loomis Park'),
	(29, 'rmusicos', 'rmusicos@hatena.ne.jp', 'keqommYL9YGW', '+48 675 739 2768', 'Rivi', 'Musico', '41835 Bonner Crossing'),
	(30, 'eoflavertyt', 'eoflavertyt@statcounter.com', 'GHSk3GL8kV', '+51 391 516 5148', 'Evangelina', 'O\'Flaverty', '3165 Stuart Hill'),
	(31, 'nkleintu', 'nkleintu@opera.com', 'CvKfgwd0Ln', '+86 305 807 4834', 'Nanni', 'Kleint', '60 Bobwhite Trail'),
	(32, 'cgoodhayv', 'cgoodhayv@nasa.gov', '3ioKQGfv', '+55 560 788 1171', 'Chiquita', 'Goodhay', '47235 Eagan Plaza'),
	(33, 'tdunseithw', 'tdunseithw@newsvine.com', 'jq36kCEU', '+351 513 888 7255', 'Theda', 'Dunseith', '5521 Arapahoe Crossing'),
	(34, 'etidyx', 'etidyx@independent.co.uk', 'uFlkV3', '+62 600 450 9547', 'Emelia', 'Tidy', '71 Cardinal Court'),
	(35, 'amcgrottyy', 'amcgrottyy@ezinearticles.com', 'zzwUAT3DXzx', '+86 833 854 9391', 'Aurilia', 'McGrotty', '0301 Sunnyside Center'),
	(36, 'rcorneckz', 'rcorneckz@weebly.com', 'Vl107bE73Osx', '+62 250 210 9564', 'Reinhold', 'Corneck', '0625 Lillian Circle'),
	(37, 'hhourican10', 'hhourican10@pcworld.com', 'n60qs2Ow', '+30 395 430 4679', 'Haley', 'Hourican', '1 Fair Oaks Park'),
	(38, 'bricket11', 'bricket11@meetup.com', 'MIHaZY', '+31 684 387 2231', 'Brig', 'Ricket', '45537 Pine View Junction'),
	(39, 'ghastings12', 'ghastings12@slideshare.net', 'IxMf4W', '+62 628 632 3766', 'Georgianne', 'Hastings', '63 Talisman Park'),
	(40, 'dcraze13', 'dcraze13@cbsnews.com', '7SVvV3P', '+46 718 209 8097', 'Dorine', 'Craze', '97333 Harbort Hill'),
	(41, 'bdelchecolo14', 'bdelchecolo14@altervista.org', 'hQQCVH', '+260 371 352 5756', 'Bancroft', 'Del Checolo', '15990 Homewood Parkway'),
	(42, 'emulheron15', 'emulheron15@wired.com', 'IkJqy5skumk', '+380 628 720 5014', 'Eadith', 'Mulheron', '6417 Fremont Crossing'),
	(43, 'golden16', 'golden16@amazon.de', 'APAtip', '+51 178 343 9133', 'Ginny', 'Olden', '61412 Vermont Parkway'),
	(44, 'shapper17', 'shapper17@sohu.com', 'XlcfYUmeB', '+57 554 941 2614', 'Sollie', 'Happer', '7 Hazelcrest Circle'),
	(45, 'igoggen18', 'igoggen18@lulu.com', 'OdA5fJ4f8J', '+46 497 680 4055', 'Ingra', 'Goggen', '95 Manufacturers Hill'),
	(46, 'bbroderick19', 'bbroderick19@blog.com', 'hQprCGusK', '+86 800 274 0481', 'Blake', 'Broderick', '5312 Drewry Road'),
	(47, 'kadriani1a', 'kadriani1a@amazon.co.uk', 'rKaBsW', '+62 518 432 4483', 'Kristi', 'Adriani', '7 Messerschmidt Street'),
	(48, 'kpurkins1b', 'kpurkins1b@goodreads.com', 'CuCEt3INxY', '+62 805 947 5096', 'Kristofor', 'Purkins', '6 5th Lane'),
	(49, 'aandersch1c', 'aandersch1c@myspace.com', 'BEwuExJr', '+57 272 255 0609', 'Anny', 'Andersch', '624 School Crossing'),
	(50, 'godby1d', 'godby1d@weibo.com', '16RROTQmnTW', '+63 291 231 5657', 'Gracia', 'Odby', '174 Prairie Rose Lane'),
	(51, 'yruberry1e', 'yruberry1e@wp.com', 'fmLkIsbz', '+63 298 540 5224', 'York', 'Ruberry', '22 Di Loreto Center'),
	(52, 'spallasch1f', 'spallasch1f@dailymotion.com', 'B22rhDKEwV', '+234 734 444 5885', 'Samantha', 'Pallasch', '8985 Forest Dale Place'),
	(53, 'bbrislan1g', 'bbrislan1g@webeden.co.uk', 'vRnxTvPN', '+351 761 440 6411', 'Bobbe', 'Brislan', '806 Dawn Lane'),
	(54, 'mmacgilrewy1h', 'mmacgilrewy1h@google.co.jp', 'P66l948iXR', '+63 664 492 8693', 'Marco', 'MacGilrewy', '2680 Autumn Leaf Point'),
	(55, 'grathborne1i', 'grathborne1i@youtu.be', 'EGRUTz', '+7 286 866 1124', 'Gran', 'Rathborne', '36715 Loomis Circle'),
	(56, 'bpelos1j', 'bpelos1j@latimes.com', 'ieIrovwyv', '+53 757 958 5384', 'Beryle', 'Pelos', '756 8th Street'),
	(57, 'apadgham1k', 'apadgham1k@kickstarter.com', 'jFwyQG7g', '+81 740 349 6501', 'Alissa', 'Padgham', '610 Schlimgen Hill'),
	(58, 'gbertin1l', 'gbertin1l@surveymonkey.com', 'lrLjnJ', '+7 219 968 8311', 'Gloriana', 'Bertin', '55 Bartillon Lane'),
	(59, 'dkhosa1m', 'dkhosa1m@macromedia.com', 'DNPTTB', '+507 677 359 7830', 'Deborah', 'Khosa', '24220 Schmedeman Terrace'),
	(60, 'kduckitt1n', 'kduckitt1n@ycombinator.com', 'jn7P2PEoaZl6', '+48 694 183 7872', 'Kelsey', 'Duckitt', '10 Shoshone Circle'),
	(61, 'sglennon1o', 'sglennon1o@ox.ac.uk', 'bdPgtdugQ', '+7 132 904 6248', 'Shelia', 'Glennon', '65 Pond Way'),
	(62, 'bcowope1p', 'bcowope1p@google.co.uk', 'SR9JcZ', '+62 133 184 3458', 'Brade', 'Cowope', '4442 Truax Pass'),
	(63, 'bvittel1q', 'bvittel1q@instagram.com', '5pgPF5OFrQ2t', '+267 735 970 6508', 'Basia', 'Vittel', '27914 Fisk Park'),
	(64, 'htoe1r', 'htoe1r@diigo.com', 'boVsuTR', '+967 340 495 7064', 'Harley', 'Toe', '98586 Oneill Way'),
	(65, 'srodrigo1s', 'srodrigo1s@redcross.org', 'AjVYEol1kzVr', '+262 875 457 8508', 'Sheree', 'Rodrigo', '1670 Norway Maple Point'),
	(66, 'gjalland1t', 'gjalland1t@skype.com', 'urgjZD', '+998 355 294 9838', 'Guenevere', 'Jalland', '9 Alpine Parkway'),
	(67, 'dnorthill1u', 'dnorthill1u@ustream.tv', 'dwknbAEouO7e', '+86 354 731 8522', 'Drusi', 'Northill', '7860 Rusk Parkway'),
	(68, 'aworpole1v', 'aworpole1v@nbcnews.com', 'WbU0a6tefg', '+54 156 727 1793', 'Atalanta', 'Worpole', '33379 Summit Court'),
	(69, 'mstetson1w', 'mstetson1w@admin.ch', 'Nlx1R60ywmi', '+30 926 718 6719', 'Mona', 'Stetson', '3 Vahlen Circle'),
	(70, 'vfawkes1x', 'vfawkes1x@naver.com', 'knJCNt', '+46 809 455 4375', 'Vick', 'Fawkes', '14 Carpenter Junction'),
	(71, 'rdykins1y', 'rdykins1y@histats.com', 'UjiShf', '+48 675 631 1210', 'Rodolph', 'Dykins', '3 Melody Way'),
	(72, 'jwhereat1z', 'jwhereat1z@dailymotion.com', 'ZBD6eyROcIL', '+48 578 755 3844', 'Jodi', 'Whereat', '77745 Buhler Trail'),
	(73, 'lwagen20', 'lwagen20@loc.gov', 'AfmCdFCCV6qW', '+373 755 161 3797', 'Levi', 'Wagen', '8 Bashford Terrace'),
	(74, 'jmclucas21', 'jmclucas21@nps.gov', 'DhpPKm0', '+380 117 320 5062', 'Jermain', 'McLucas', '84556 Prairieview Way'),
	(75, 'cgabriely22', 'cgabriely22@creativecommons.org', 'AjlZJNHZfU', '+86 613 293 0647', 'Clayborne', 'Gabriely', '0937 Welch Place'),
	(76, 'nbritch23', 'nbritch23@mac.com', '61ux0L', '+63 594 996 3490', 'Neala', 'Britch', '78560 Kenwood Parkway'),
	(77, 'sscamadin24', 'sscamadin24@reddit.com', 'CnI1yETV1', '+86 743 537 9456', 'Sheffy', 'Scamadin', '7926 Boyd Drive'),
	(78, 'ibardey25', 'ibardey25@mediafire.com', 'fLnXcbx1szBd', '+380 350 710 4269', 'Iosep', 'Bardey', '8837 Fairview Junction'),
	(79, 'barrighi26', 'barrighi26@answers.com', 'rsHpUsWS1V', '+351 391 622 0784', 'Broderick', 'Arrighi', '1 Arrowood Road'),
	(80, 'ejenno27', 'ejenno27@about.me', 'iKEB7O9NzsC', '+1 647 958 0613', 'Emmalee', 'Jenno', '6 Truax Park'),
	(81, 'agerran28', 'agerran28@wordpress.org', 'KBy1dZ', '+222 930 685 7686', 'Andie', 'Gerran', '593 Northview Street'),
	(82, 'tkiddey29', 'tkiddey29@unblog.fr', 'cgYdBz', '+62 988 481 4062', 'Teador', 'Kiddey', '925 Twin Pines Crossing'),
	(83, 'dendle2a', 'dendle2a@dion.ne.jp', 'yBoOMDzkft', '+98 907 648 5285', 'Derby', 'Endle', '1 Oak Valley Street'),
	(84, 'mloftin2b', 'mloftin2b@nytimes.com', '1QcCRyr9GCUu', '+46 311 577 3034', 'Maura', 'Loftin', '4122 Hooker Alley'),
	(85, 'wfrith2c', 'wfrith2c@hatena.ne.jp', 'tzwjWr75', '+62 852 865 1626', 'Worthy', 'Frith', '311 Hagan Park'),
	(86, 'cmcalpin2d', 'cmcalpin2d@uol.com.br', 'yUbsV801HxS', '+33 632 117 9542', 'Corliss', 'McAlpin', '3969 Anderson Street'),
	(87, 'owyman2e', 'owyman2e@vinaora.com', 'Q1LjXuaC3YBW', '+62 375 299 4163', 'Olympie', 'Wyman', '81 Maryland Way'),
	(88, 'spencot2f', 'spencot2f@symantec.com', 'zqZ28o9m', '+504 239 115 3520', 'Shandie', 'Pencot', '9 Karstens Road'),
	(89, 'geuplate2g', 'geuplate2g@japanpost.jp', 'wloCfJ', '+82 214 445 8835', 'Gabi', 'Euplate', '77 Larry Lane'),
	(90, 'warnson2h', 'warnson2h@seesaa.net', 'mbYLPoIxFt', '+351 279 201 2210', 'Willy', 'Arnson', '73760 Dixon Crossing'),
	(91, 'ueverix2i', 'ueverix2i@msn.com', 'c8Bi0QvD0', '+57 970 420 5125', 'Ulrick', 'Everix', '50639 Dapin Road'),
	(92, 'mmacgillreich2j', 'mmacgillreich2j@scribd.com', 'ZgLWNh', '+506 447 851 6869', 'Marla', 'MacGillreich', '80 Forster Plaza'),
	(93, 'nguitte2k', 'nguitte2k@wsj.com', 'WRML1cg1B6', '+86 536 198 8433', 'Noam', 'Guitte', '91447 Burrows Way'),
	(94, 'bgommowe2l', 'bgommowe2l@berkeley.edu', 'f6rFDf', '+63 546 630 7356', 'Barbie', 'Gommowe', '4398 Sheridan Place'),
	(95, 'pfaulkener2m', 'pfaulkener2m@wsj.com', 'hQQlJy9', '+351 557 946 7974', 'Paige', 'Faulkener', '1 Harper Parkway'),
	(96, 'shassett2n', 'shassett2n@wsj.com', 'OdbfL36', '+55 888 699 8146', 'Susana', 'Hassett', '50282 Oneill Hill'),
	(97, 'gtrevains2o', 'gtrevains2o@discuz.net', 'KtpNpS', '+63 148 173 5766', 'Garv', 'Trevains', '6941 Laurel Place'),
	(98, 'jtwatt2p', 'jtwatt2p@squarespace.com', 'KVFWGsC6L', '+1 951 235 9821', 'Joellen', 'Twatt', '001 Lakewood Way'),
	(99, 'rkenrat2q', 'rkenrat2q@liveinternet.ru', 'BnmsRv', '+86 713 492 3900', 'Randi', 'Kenrat', '8759 Sutteridge Road'),
	(100, 'dmorlon2r', 'dmorlon2r@unesco.org', 'y8U9938', '+62 682 399 2023', 'Druci', 'Morlon', '1 Onsgard Trail'),
	(101, 'bgogarty2s', 'bgogarty2s@facebook.com', 'VPf0QUSgNc', '+86 886 396 5996', 'Betsy', 'Gogarty', '30 Main Avenue'),
	(102, 'lsauniere2t', 'lsauniere2t@chronoengine.com', 'bXmXhMYSa', '+232 659 410 5706', 'Lane', 'Sauniere', '7187 Coolidge Crossing'),
	(103, 'caddekin2u', 'caddekin2u@comsenz.com', 'qceTXzcXn5g', '+86 557 751 3652', 'Cosette', 'Addekin', '460 Sunfield Point'),
	(104, 'awoodeson2v', 'awoodeson2v@google.co.uk', 'WoUadjTm', '+63 691 761 3979', 'Anselma', 'Woodeson', '3 Artisan Pass'),
	(105, 'nburchfield2w', 'nburchfield2w@skyrock.com', 'nTPJsgLW', '+7 393 491 9198', 'Nana', 'Burchfield', '6 Banding Court'),
	(106, 'kpolson2x', 'kpolson2x@ocn.ne.jp', 'UGYsDXCLNiH0', '+970 145 734 5361', 'Kary', 'Polson', '43 Graceland Park'),
	(107, 'clindenberg2y', 'clindenberg2y@weebly.com', 'JIL8SM', '+46 684 288 4356', 'Codi', 'Lindenberg', '2306 Anderson Circle'),
	(108, 'ctomkiss2z', 'ctomkiss2z@merriam-webster.com', 'm8XT6Mc', '+86 751 287 1312', 'Cookie', 'Tomkiss', '434 Clemons Court'),
	(109, 'asydall30', 'asydall30@ucla.edu', 'WRMaG8MExo', '+33 578 186 5059', 'Annetta', 'Sydall', '6232 Heffernan Drive'),
	(110, 'gskydall31', 'gskydall31@theguardian.com', 'armM4IHr2IH', '+48 479 722 8168', 'Gary', 'Skydall', '61 Eagle Crest Circle'),
	(111, 'frisom32', 'frisom32@mapy.cz', 'uGqhOoa', '+45 134 398 5729', 'Fayre', 'Risom', '25629 Annamark Circle'),
	(112, 'glowrance33', 'glowrance33@google.com.au', 'axVCOfay', '+66 945 671 0091', 'Gerald', 'Lowrance', '25985 Coleman Way'),
	(113, 'fluxton34', 'fluxton34@java.com', 'HwQplM', '+57 595 242 3372', 'Freda', 'Luxton', '8000 Banding Street'),
	(114, 'tgrunwald35', 'tgrunwald35@nasa.gov', '0nB2z1mbjjK', '+46 232 188 2056', 'Tory', 'Grunwald', '121 Spohn Road'),
	(115, 'dealam36', 'dealam36@cafepress.com', 'rEK4wL92syFa', '+46 635 350 8921', 'Durand', 'Ealam', '7 Hoepker Place'),
	(116, 'bculley37', 'bculley37@is.gd', 'laVk6CtLbSH', '+380 160 661 2793', 'Brnaby', 'Culley', '9 Hintze Point'),
	(117, 'msallans38', 'msallans38@xing.com', 'yNwPxd', '+380 964 728 2401', 'Manuel', 'Sallans', '3 Columbus Crossing'),
	(118, 'bblesli39', 'bblesli39@google.fr', 'vuEWsBHEv', '+63 278 976 2465', 'Bobbette', 'Blesli', '047 Huxley Pass'),
	(119, 'ccaser3a', 'ccaser3a@seattletimes.com', 'XAV9nU', '+351 448 157 7804', 'Caleb', 'Caser', '43 Crownhardt Avenue'),
	(120, 'cjarvis3b', 'cjarvis3b@prnewswire.com', 'is6Nekpul', '+52 571 574 4396', 'Cedric', 'Jarvis', '3799 Di Loreto Plaza'),
	(121, 'kropars3c', 'kropars3c@dailymotion.com', '7uWu6dZ', '+267 843 748 6423', 'Korey', 'Ropars', '10523 Londonderry Drive'),
	(122, 'jvisco3d', 'jvisco3d@friendfeed.com', '2X7Ya00tmvT', '+236 320 255 4499', 'Jeralee', 'Visco', '3136 Coolidge Street'),
	(123, 'tdallewater3e', 'tdallewater3e@google.com.br', 'xzIguctUcW7G', '+62 605 488 1322', 'Tamqrah', 'Dallewater', '81 Schurz Point'),
	(124, 'bmiddup3f', 'bmiddup3f@issuu.com', 't1kt9mmxQZ', '+1 726 738 3129', 'Burlie', 'Middup', '771 Bayside Court'),
	(125, 'cliell3g', 'cliell3g@slideshare.net', 'TkfH7J3e9p', '+86 446 830 5311', 'Cassaundra', 'Liell', '208 Pankratz Circle'),
	(126, 'ndron3h', 'ndron3h@odnoklassniki.ru', '6LMkz2YQ', '+357 750 760 3065', 'Nananne', 'Dron', '61036 Shelley Trail'),
	(127, 'rscarce3i', 'rscarce3i@cdc.gov', 'aLIkAzhG', '+62 239 569 1036', 'Raquel', 'Scarce', '5576 Larry Terrace'),
	(128, 'caltimas3j', 'caltimas3j@zimbio.com', 'BtZKPB', '+7 322 447 7381', 'Curcio', 'Altimas', '46965 Trailsway Park'),
	(129, 'pwhyatt3k', 'pwhyatt3k@wordpress.org', 'CBMXmSEL610G', '+52 246 510 2503', 'Philippe', 'Whyatt', '28120 Del Mar Court'),
	(130, 'boreilly3l', 'boreilly3l@ihg.com', '0nV4hfNSl', '+266 954 920 0193', 'Bobinette', 'O\'Reilly', '01 Del Mar Place'),
	(131, 'calbion3m', 'calbion3m@icq.com', 'YiybdYvasdQ', '+351 693 833 5165', 'Camel', 'Albion', '675 Welch Pass'),
	(132, 'jfidell3n', 'jfidell3n@webeden.co.uk', 'DiSLv0b', '+86 859 966 5026', 'Jesus', 'Fidell', '6 Sullivan Avenue'),
	(133, 'clawther3o', 'clawther3o@ca.gov', '56s9AG', '+996 673 959 9774', 'Cordelie', 'Lawther', '93 Forest Run Hill'),
	(134, 'dolenechan3p', 'dolenechan3p@ox.ac.uk', 'QwQQu8CNZYUI', '+62 145 244 8073', 'Debby', 'O\'Lenechan', '30678 Scott Avenue'),
	(135, 'mfinby3q', 'mfinby3q@diigo.com', 'KJ9FfPJEMW', '+63 322 327 1344', 'Marysa', 'Finby', '657 Marcy Trail'),
	(136, 'sjakubovsky3r', 'sjakubovsky3r@edublogs.org', 'kErYBxFGh4l', '+86 672 854 6816', 'Stella', 'Jakubovsky', '4 Hayes Way'),
	(137, 'adewitt3s', 'adewitt3s@exblog.jp', 'wD3BzrO3', '+63 235 984 4855', 'Abram', 'De Witt', '923 Springs Drive'),
	(138, 'rillingworth3t', 'rillingworth3t@theatlantic.com', 'NQpYvUMt9HZs', '+66 886 212 7690', 'Rik', 'Illingworth', '8110 Erie Lane'),
	(139, 'bparmer3u', 'bparmer3u@businessinsider.com', 'i9kvKWeamiI', '+389 843 538 9557', 'Belicia', 'Parmer', '24 Park Meadow Crossing'),
	(140, 'mrachuig3v', 'mrachuig3v@time.com', 'vbqseuK1', '+62 797 772 3167', 'Marla', 'Rachuig', '4477 Lake View Parkway'),
	(141, 'rbachanski3w', 'rbachanski3w@unblog.fr', '0BtqalAZ1Nic', '+55 102 237 2454', 'Ruperto', 'Bachanski', '1705 Merry Court'),
	(142, 'gflott3x', 'gflott3x@timesonline.co.uk', 'Et9gcOYV', '+48 844 985 6995', 'Goldia', 'Flott', '84 Melvin Way'),
	(143, 'msnooks3y', 'msnooks3y@dedecms.com', 'zVySEcNL', '+86 870 606 3848', 'Marjorie', 'Snooks', '3180 Vidon Hill'),
	(144, 'hvanyukov3z', 'hvanyukov3z@instagram.com', '0J9a2dl', '+383 634 517 9350', 'Hillel', 'Vanyukov', '8 Alpine Way'),
	(145, 'ccureton40', 'ccureton40@noaa.gov', 'qyg5LJ', '+31 374 292 5906', 'Cindy', 'Cureton', '2978 Lake View Center'),
	(146, 'lshafto41', 'lshafto41@sourceforge.net', 'x3ae4lEDrGr', '+86 254 359 6735', 'Loutitia', 'Shafto', '05 Clemons Way'),
	(147, 'jlarkworthy42', 'jlarkworthy42@ustream.tv', 'XQj3OoPsJvl', '+92 939 688 1277', 'Jammie', 'Larkworthy', '2 Schiller Street'),
	(148, 'ibette43', 'ibette43@fema.gov', 'quhH6rWute', '+86 871 327 1580', 'Irena', 'Bette', '62435 Granby Crossing'),
	(149, 'abeckinsall44', 'abeckinsall44@dedecms.com', 'WCptWk9myI', '+7 193 188 5139', 'Abbe', 'Beckinsall', '16360 Valley Edge Circle'),
	(150, 'snormanville45', 'snormanville45@odnoklassniki.ru', 'vsAYXSW', '+509 257 164 2284', 'Selby', 'Normanville', '2 Del Mar Road'),
	(151, 'khallam46', 'khallam46@statcounter.com', 'YlXZfE3jh', '+257 509 529 9867', 'Kiah', 'Hallam', '5581 Loeprich Point'),
	(152, 'khiorn47', 'khiorn47@nationalgeographic.com', 'tG8qOEugwFZ', '+351 779 425 2840', 'Kass', 'Hiorn', '55 Vidon Court'),
	(153, 'lpriel48', 'lpriel48@google.com', 'ks2OmoFbgEl', '+55 144 510 7049', 'Lincoln', 'Priel', '77 Manufacturers Center'),
	(154, 'locarroll49', 'locarroll49@canalblog.com', 'k7Y8Z5jqTncF', '+86 997 814 9562', 'Lucilia', 'O\'Carroll', '33643 Mcbride Hill'),
	(155, 'rwynne4a', 'rwynne4a@slashdot.org', 'CUNyCBMceWK', '+55 543 899 3479', 'Reinhard', 'Wynne', '69825 Sauthoff Lane'),
	(156, 'dmacfarlan4b', 'dmacfarlan4b@hibu.com', 'Rx5WWpv', '+1 215 851 6795', 'Dennie', 'MacFarlan', '78 Stuart Trail'),
	(157, 'hpatchett4c', 'hpatchett4c@upenn.edu', 'mYsm8M', '+1 249 390 5074', 'Hana', 'Patchett', '3 Northland Drive'),
	(158, 'cmoss4d', 'cmoss4d@cmu.edu', '4rTJZ6CduHvx', '+81 150 178 9975', 'Candi', 'Moss', '31201 Forest Run Street'),
	(159, 'droskeilly4e', 'droskeilly4e@reverbnation.com', 'FnSzsZZSiJy', '+86 137 551 0133', 'Derk', 'Roskeilly', '12 Buhler Plaza'),
	(160, 'mpolack4f', 'mpolack4f@gmpg.org', 'd6KaAUEK3i', '+66 559 915 7657', 'Myrtie', 'Polack', '2577 Packers Place'),
	(161, 'rdasent4g', 'rdasent4g@furl.net', '6LP2vLiP3', '+7 533 771 8254', 'Rosemaria', 'Dasent', '2 Arizona Way'),
	(162, 'lprazer4h', 'lprazer4h@xing.com', 'bXjkKKR', '+55 424 126 4379', 'Lyndel', 'Prazer', '06812 Grover Center'),
	(163, 'hcostley4i', 'hcostley4i@360.cn', 'TtpkM68', '+62 259 586 6237', 'Hastie', 'Costley', '021 Gerald Street'),
	(164, 'lkamena4j', 'lkamena4j@who.int', 'Weq7bUDd', '+81 651 279 8716', 'Lila', 'Kamena', '0 Schurz Road'),
	(165, 'mgerren4k', 'mgerren4k@psu.edu', 'oMTz2di', '+86 324 183 2651', 'Merlina', 'Gerren', '04465 Ilene Trail'),
	(166, 'tmissenden4l', 'tmissenden4l@dropbox.com', 'u0nBwuU4Q2', '+52 815 970 4384', 'Tani', 'Missenden', '51 Cordelia Center'),
	(167, 'sansteys4m', 'sansteys4m@sciencedirect.com', 'gCpCpYHp', '+386 554 985 3990', 'Saraann', 'Ansteys', '178 Kinsman Terrace'),
	(168, 'sdepport4n', 'sdepport4n@typepad.com', 'ObYdRkCWd6', '+62 879 483 3282', 'Shantee', 'Depport', '8 Towne Trail'),
	(169, 'rgladdolph4o', 'rgladdolph4o@twitpic.com', 'Q01PDN', '+66 688 650 4970', 'Retha', 'Gladdolph', '94763 Warbler Circle'),
	(170, 'pginnaly4p', 'pginnaly4p@si.edu', 'a8wB1WOKdet', '+62 236 880 7068', 'Pat', 'Ginnaly', '71 Arkansas Trail'),
	(171, 'rscotson4q', 'rscotson4q@phoca.cz', 'Q5GyyR', '+234 236 927 5596', 'Ronnie', 'Scotson', '69846 Maywood Parkway'),
	(172, 'tespadero4r', 'tespadero4r@opera.com', 'vBoEjOMMjZS', '+60 840 888 0462', 'Tad', 'Espadero', '8706 Village Green Center'),
	(173, 'abrookesbie4s', 'abrookesbie4s@nps.gov', 'rE2r5w', '+62 476 113 2513', 'Andrew', 'Brookesbie', '883 Longview Point'),
	(174, 'kbrothwell4t', 'kbrothwell4t@joomla.org', 'ZjnQay', '+46 922 199 4132', 'Karine', 'Brothwell', '462 Loomis Trail'),
	(175, 'hwharf4u', 'hwharf4u@princeton.edu', 'XIlvpH', '+86 201 952 5047', 'Helsa', 'Wharf', '01 Derek Road'),
	(176, 'mbocken4v', 'mbocken4v@washingtonpost.com', 'jswLWVeAsaz', '+86 529 871 7288', 'Mack', 'Bocken', '7421 Scofield Hill'),
	(177, 'rcrosland4w', 'rcrosland4w@wp.com', '80hU1OO9Js', '+62 364 682 3910', 'Regine', 'Crosland', '0 Farmco Way'),
	(178, 'jgrey4x', 'jgrey4x@nydailynews.com', 'RnQ58uQ', '+63 541 499 4355', 'Jacky', 'Grey', '20163 Blue Bill Park Center'),
	(179, 'ktasker4y', 'ktasker4y@sphinn.com', 'E6iSwe0zU2X', '+249 608 318 9307', 'Kathrine', 'Tasker', '912 Fisk Street'),
	(180, 'bpartrick4z', 'bpartrick4z@pagesperso-orange.fr', 'ommbhJJqDq', '+46 686 839 4758', 'Bobby', 'Partrick', '4 Mayfield Park'),
	(181, 'abelhomme50', 'abelhomme50@jiathis.com', 'xKwbyqeMkP', '+48 765 842 4422', 'Albertina', 'Belhomme', '9744 Marquette Drive'),
	(182, 'wbiddulph51', 'wbiddulph51@cbsnews.com', 'YbvnoR7EjJm', '+86 449 890 8500', 'Walther', 'Biddulph', '2902 Ridge Oak Drive'),
	(183, 'csarra52', 'csarra52@dropbox.com', '35FI4C9f', '+389 265 140 2649', 'Carmela', 'Sarra', '78721 Butternut Place'),
	(184, 'bbaldelli53', 'bbaldelli53@redcross.org', 'AIC0RDfYXJo', '+63 330 835 6241', 'Buck', 'Baldelli', '3093 Lakewood Gardens Way'),
	(185, 'cgianni54', 'cgianni54@senate.gov', 'ZXMg7icpt', '+34 573 281 7111', 'Carlynn', 'Gianni', '7412 Mcguire Place'),
	(186, 'nsouthwick55', 'nsouthwick55@yale.edu', 'ZVDf2Zyb', '+20 236 532 7734', 'Netta', 'Southwick', '8032 Columbus Plaza'),
	(187, 'sscolding56', 'sscolding56@hao123.com', 'GdVH7UNFB', '+351 660 165 6215', 'Sharron', 'Scolding', '76 Graedel Junction'),
	(188, 'charback57', 'charback57@booking.com', 'uZVbrwm', '+54 765 614 0681', 'Clio', 'Harback', '19 Pepper Wood Road'),
	(189, 'alast58', 'alast58@unc.edu', 'MAv2f2FosoQQ', '+57 538 563 7772', 'Ameline', 'Last', '824 Hallows Circle'),
	(190, 'inye59', 'inye59@wunderground.com', 'ZzeGCrh', '+86 988 653 5355', 'Iain', 'Nye', '5363 Summit Way'),
	(191, 'sverty5a', 'sverty5a@angelfire.com', 'JZ17Wy4f', '+7 950 400 4597', 'Siana', 'Verty', '03564 Calypso Pass'),
	(192, 'anardi5b', 'anardi5b@geocities.jp', 'uj4uESyrWJm', '+46 909 791 9798', 'Abra', 'Nardi', '87 Maple Way'),
	(193, 'skaming5c', 'skaming5c@wiley.com', 'XtjoTD', '+46 812 529 0512', 'Suzanne', 'Kaming', '8 Miller Center'),
	(194, 'mchicotti5d', 'mchicotti5d@samsung.com', 'cgCiSgZzZ', '+86 344 382 4379', 'Misti', 'Chicotti', '5 Elmside Plaza'),
	(195, 'dyair5e', 'dyair5e@bloomberg.com', 'eKkLdm3YPO', '+63 213 723 9718', 'Dee', 'Yair', '4649 Namekagon Way'),
	(196, 'hjankin5f', 'hjankin5f@newsvine.com', 'y8cNC4B5', '+30 310 181 6569', 'Huberto', 'Jankin', '1 Toban Road'),
	(197, 'lchapellow5g', 'lchapellow5g@cdc.gov', 'vv7xbfO', '+62 154 932 0736', 'Lannie', 'Chapellow', '51739 Namekagon Point'),
	(198, 'wwaleran5h', 'wwaleran5h@google.com.br', 'l7oGL3', '+33 499 900 0601', 'Westley', 'Waleran', '1 Corry Alley'),
	(199, 'dlochet5i', 'dlochet5i@weibo.com', '7sBYGxTo', '+86 319 313 1243', 'Duffie', 'Lochet', '1499 Homewood Point'),
	(200, 'btaleworth5j', 'btaleworth5j@imdb.com', '5q5UNUNL1', '+47 716 486 3417', 'Baryram', 'Taleworth', '641 Granby Drive'),
	(201, 'trustich5k', 'trustich5k@usda.gov', '65AqUoEluZ', '+1 389 275 9770', 'Trumaine', 'Rustich', '98 Truax Street'),
	(202, 'twareing5l', 'twareing5l@odnoklassniki.ru', '89AOU9TirVt', '+212 642 140 7880', 'Teodoor', 'Wareing', '3 Cardinal Crossing'),
	(203, 'aculpan5m', 'aculpan5m@cafepress.com', 'J4jx4x4', '+7 261 982 7301', 'Augustine', 'Culpan', '47140 Lien Avenue'),
	(204, 'ajayne5n', 'ajayne5n@about.com', 'p0qjoYrCcnp', '+55 284 350 6484', 'Aline', 'Jayne', '9 Gerald Parkway'),
	(205, 'lvashchenko5o', 'lvashchenko5o@ihg.com', 'AuTfNn', '+355 191 365 0512', 'Lee', 'Vashchenko', '92168 Shopko Terrace'),
	(206, 'rwolters5p', 'rwolters5p@icio.us', 'RD67g9HU', '+420 350 675 6861', 'Reeva', 'Wolters', '8347 Gina Junction'),
	(207, 'gboone5q', 'gboone5q@cdbaby.com', 'Xhe5YI0wI3', '+27 357 914 7127', 'Giffie', 'Boone', '2 Hovde Place'),
	(208, 'gambrozik5r', 'gambrozik5r@hostgator.com', 'aIu5GzhG6Fti', '+86 670 802 6801', 'Glenine', 'Ambrozik', '34039 Redwing Park'),
	(209, 'sessame5s', 'sessame5s@nba.com', 'ATysYu', '+62 868 621 3650', 'Sindee', 'Essame', '0531 Butternut Drive'),
	(210, 'lpesticcio5t', 'lpesticcio5t@wikispaces.com', 'G8XT6Q', '+86 829 144 2960', 'Lynn', 'Pesticcio', '6 4th Lane'),
	(211, 'gwarby5u', 'gwarby5u@netvibes.com', 'FLVHJcLTxj', '+86 629 167 5851', 'Garnet', 'Warby', '410 Prairie Rose Center'),
	(212, 'mimlach5v', 'mimlach5v@bing.com', 'xfUYZkVb', '+970 227 764 0461', 'Mallory', 'Imlach', '8270 American Ash Parkway'),
	(213, 'aknottley5w', 'aknottley5w@china.com.cn', 'NtsPYe', '+86 393 727 0262', 'Ansell', 'Knottley', '9 Memorial Alley'),
	(214, 'cjzak5x', 'cjzak5x@tinypic.com', 'KdHDpYyVMkF6', '+55 174 625 2985', 'Carlo', 'Jzak', '54486 Meadow Valley Crossing'),
	(215, 'vpovall5y', 'vpovall5y@sphinn.com', 'KZ855NMID9yw', '+46 438 359 9766', 'Val', 'Povall', '475 Nelson Lane'),
	(216, 'kive5z', 'kive5z@blogs.com', 'rr4aVcbw', '+48 431 105 1174', 'Kurt', 'Ive', '8355 Canary Road'),
	(217, 'ddormand60', 'ddormand60@nsw.gov.au', 'gCprBVKLSQVM', '+1 985 820 7374', 'Dennie', 'Dormand', '35901 Prairieview Court'),
	(218, 'mhavercroft61', 'mhavercroft61@va.gov', 'bZh4fnsIl', '+7 517 859 5667', 'Millard', 'Havercroft', '49 Everett Trail'),
	(219, 'cmcwilliam62', 'cmcwilliam62@imdb.com', 'E3euOw', '+62 836 323 5809', 'Clementia', 'McWilliam', '5758 Tony Center'),
	(220, 'tsimson63', 'tsimson63@sphinn.com', 'HGiSczL', '+31 905 986 1797', 'Tamar', 'Simson', '9860 Roth Lane'),
	(221, 'nmulligan64', 'nmulligan64@ibm.com', 'HOS9iGS', '+86 567 171 8924', 'Nowell', 'Mulligan', '90648 Lunder Park'),
	(222, 'ctwinbrow65', 'ctwinbrow65@scientificamerican.com', 'IQ99uSEKsHmq', '+880 288 996 4275', 'Coral', 'Twinbrow', '2567 Village Avenue'),
	(223, 'msansun66', 'msansun66@elpais.com', 'zoTafFIK', '+55 524 164 2100', 'Miran', 'Sansun', '50055 Sutteridge Avenue'),
	(224, 'mfieldstone67', 'mfieldstone67@cafepress.com', 'fXq9HfL15t', '+7 907 219 1665', 'Marje', 'Fieldstone', '1 Lillian Center'),
	(225, 'agoforth68', 'agoforth68@about.com', '0Znze0O', '+64 777 873 2223', 'Angie', 'Goforth', '40677 Killdeer Hill'),
	(226, 'naslin69', 'naslin69@purevolume.com', 'V6agnMhT', '+63 542 988 3041', 'Nicolai', 'Aslin', '83 Merchant Center'),
	(227, 'estudders6a', 'estudders6a@sphinn.com', 'NLeaXXN', '+86 230 381 6167', 'Elton', 'Studders', '9 La Follette Terrace'),
	(228, 'bblyden6b', 'bblyden6b@vk.com', 'SBDyJDTUr', '+387 784 494 0416', 'Bent', 'Blyden', '0 4th Junction'),
	(229, 'joluwatoyin6c', 'joluwatoyin6c@nbcnews.com', 'qj1965', '+27 758 544 5220', 'Jedidiah', 'Oluwatoyin', '85 Ruskin Avenue'),
	(230, 'hjeandot6d', 'hjeandot6d@about.me', 'PP2Suiuwtl', '+351 778 216 5614', 'Hali', 'Jeandot', '288 Dryden Drive'),
	(231, 'wdjurdjevic6e', 'wdjurdjevic6e@about.me', 'Voqr7EyL4ge', '+961 751 236 0590', 'Wilhelmine', 'Djurdjevic', '61508 Springs Pass'),
	(232, 'nbridgement6f', 'nbridgement6f@odnoklassniki.ru', '07s3UpuJyW', '+420 822 245 6108', 'Nicoline', 'Bridgement', '50 Declaration Trail'),
	(233, 'wplewman6g', 'wplewman6g@istockphoto.com', 'KwzFNFssm4CK', '+351 869 889 9340', 'Wallis', 'Plewman', '5 Katie Drive'),
	(234, 'bcorragan6h', 'bcorragan6h@123-reg.co.uk', 'kYxN8NdRtuGl', '+86 228 812 6374', 'Baird', 'Corragan', '5962 Pankratz Way'),
	(235, 'emcglue6i', 'emcglue6i@tamu.edu', 'CsJHK5c2wyM', '+66 593 839 6959', 'Edgardo', 'McGlue', '7 Sheridan Avenue'),
	(236, 'rkeedy6j', 'rkeedy6j@tmall.com', 'XSDCCW', '+46 606 119 2338', 'Reyna', 'Keedy', '19668 Erie Parkway'),
	(237, 'dizkovici6k', 'dizkovici6k@ucoz.com', '8lQoL5HU68', '+86 239 388 3700', 'Donetta', 'Izkovici', '731 Roth Alley'),
	(238, 'jmccurtain6l', 'jmccurtain6l@ucsd.edu', 'LU6sgnCP8O47', '+7 289 262 5301', 'Jessee', 'McCurtain', '7 Debs Pass'),
	(239, 'gwandless6m', 'gwandless6m@thetimes.co.uk', 'U3HWZmUfowoU', '+55 769 788 5874', 'Glenna', 'Wandless', '07 Shoshone Road'),
	(240, 'cbrimilcombe6n', 'cbrimilcombe6n@cmu.edu', 'W6JjoQv', '+48 158 308 6355', 'Caralie', 'Brimilcombe', '1452 Birchwood Point'),
	(241, 'cfrenzel6o', 'cfrenzel6o@digg.com', '0grMmV3Tv', '+54 654 540 3236', 'Cathleen', 'Frenzel;', '3 Cody Parkway'),
	(242, 'tganniclifft6p', 'tganniclifft6p@vimeo.com', 'uHVbPrSwmT', '+33 633 556 1695', 'Tyler', 'Ganniclifft', '9933 Westerfield Pass'),
	(243, 'elang6q', 'elang6q@comcast.net', 'HWC8Tr4rCXqv', '+507 435 502 3280', 'Erinn', 'Lang', '928 Chive Court'),
	(244, 'dculbert6r', 'dculbert6r@intel.com', 'jMGCHd', '+62 634 903 5032', 'Darb', 'Culbert', '92018 Buena Vista Circle'),
	(245, 'olamlin6s', 'olamlin6s@google.com.br', '8x4Nn5aZDOU', '+86 896 699 2503', 'Ollie', 'Lamlin', '00 Forest Way'),
	(246, 'ewyss6t', 'ewyss6t@e-recht24.de', 'Q8t36nrcHPF', '+255 329 802 6871', 'Etienne', 'Wyss', '61 Village Park'),
	(247, 'ldreinan6u', 'ldreinan6u@acquirethisname.com', 'RXC7GjxpFsWZ', '+86 850 776 6642', 'Leigh', 'Dreinan', '8875 Gerald Court'),
	(248, 'tmcilvaney6v', 'tmcilvaney6v@thetimes.co.uk', 'ZIbvwxpc6', '+62 437 455 5052', 'Taddeo', 'McIlvaney', '950 Lerdahl Pass'),
	(249, 'criccardini6w', 'criccardini6w@who.int', 'vvUOZBWx', '+86 799 661 2480', 'Cello', 'Riccardini', '98862 Maple Trail'),
	(250, 'cdodsley6x', 'cdodsley6x@theguardian.com', 'FAZX4JqA', '+351 235 318 7541', 'Car', 'Dodsley', '617 Pleasure Circle'),
	(251, 'dsutter6y', 'dsutter6y@hexun.com', 'SMMm8RJwy', '+86 769 187 6078', 'Darleen', 'Sutter', '6 Del Mar Street'),
	(252, 'avamplus6z', 'avamplus6z@sphinn.com', '6wDribdIRx2', '+62 122 649 4919', 'Agnese', 'Vamplus', '26 Grasskamp Drive'),
	(253, 'kstanman70', 'kstanman70@nih.gov', 'oiQ7HZbKO5b', '+57 209 892 0885', 'Kennith', 'Stanman', '558 Scoville Crossing'),
	(254, 'scaverhill71', 'scaverhill71@baidu.com', 'Jrs72YkmRuVl', '+63 190 403 0823', 'Saraann', 'Caverhill', '63375 Cascade Junction'),
	(255, 'vseeger72', 'vseeger72@ibm.com', 'XY4I4daMFg', '+62 834 902 9220', 'Vergil', 'Seeger', '404 Elka Circle'),
	(256, 'stieraney73', 'stieraney73@blinklist.com', 'v2DIfZdpkq', '+81 237 537 2992', 'Susy', 'Tieraney', '7547 Shoshone Parkway'),
	(257, 'dcraker74', 'dcraker74@i2i.jp', 'UkPZTgB', '+63 889 169 7458', 'Deborah', 'Craker', '012 Mosinee Hill'),
	(258, 'cmountcastle75', 'cmountcastle75@yale.edu', 'Bwv6O4CGd1r', '+218 669 202 9904', 'Chance', 'Mountcastle', '77 Buhler Plaza'),
	(259, 'ebischop76', 'ebischop76@nytimes.com', 'NBXpkZvTXV', '+260 540 803 0876', 'Elsbeth', 'Bischop', '04 Hauk Hill'),
	(260, 'nduffyn77', 'nduffyn77@plala.or.jp', 'snD42zp2sp', '+1 142 662 7288', 'Nissa', 'Duffyn', '2 Westend Plaza'),
	(261, 'wdaelman78', 'wdaelman78@upenn.edu', 'dnero9TQIwS', '+86 110 308 7787', 'Willabella', 'Daelman', '522 Namekagon Crossing'),
	(262, 'ffree79', 'ffree79@studiopress.com', '5ijcbtX', '+81 343 542 1899', 'Field', 'Free', '53836 Reindahl Hill'),
	(263, 'fsommers7a', 'fsommers7a@hostgator.com', 'AYjC6VSK', '+46 512 158 1761', 'Fey', 'Sommers', '981 Anderson Center'),
	(264, 'csteynor7b', 'csteynor7b@macromedia.com', '3L2eND6WOn', '+86 841 577 7782', 'Cordie', 'Steynor', '58631 Autumn Leaf Street'),
	(265, 'mflaxon7c', 'mflaxon7c@adobe.com', 'Aookbf', '+47 198 997 1214', 'Millie', 'Flaxon', '6140 Hayes Drive'),
	(266, 'othominga7d', 'othominga7d@fastcompany.com', '84KHs4AamwmP', '+1 462 716 0024', 'Orton', 'Thominga', '920 Dottie Center'),
	(267, 'abridgman7e', 'abridgman7e@dmoz.org', 'JqsPvv0P1e', '+86 526 273 7452', 'Anabella', 'Bridgman', '4919 Mallard Way'),
	(268, 'dleadbitter7f', 'dleadbitter7f@bing.com', 'xpkmMj', '+33 515 904 4838', 'Dewie', 'Leadbitter', '287 Sutteridge Parkway'),
	(269, 'cjacox7g', 'cjacox7g@hao123.com', 'DmmpU9Ps3KIG', '+63 665 860 6163', 'Carmine', 'Jacox', '5 Duke Center'),
	(270, 'kgreve7h', 'kgreve7h@bigcartel.com', 'ISNK6nF117', '+86 963 990 8221', 'Kerianne', 'Greve', '99576 Nova Way'),
	(271, 'fingerson7i', 'fingerson7i@networksolutions.com', 'NHR2xjG', '+55 147 937 5352', 'Fionna', 'Ingerson', '3519 Warner Center'),
	(272, 'gkeuning7j', 'gkeuning7j@biblegateway.com', 'JUUy1UzRYJw4', '+62 640 409 4060', 'Gwendolin', 'Keuning', '74765 Drewry Crossing'),
	(273, 'denric7k', 'denric7k@imgur.com', 'ycrojyRG', '+46 185 561 1346', 'Dallas', 'Enric', '50 Johnson Lane'),
	(274, 'cpedrozzi7l', 'cpedrozzi7l@de.vu', 'DzehbZYlq6', '+33 264 410 3822', 'Caryn', 'Pedrozzi', '96 Russell Point'),
	(275, 'lbockman7m', 'lbockman7m@pinterest.com', '2TtYM6Z5R', '+54 813 169 2983', 'Lesli', 'Bockman', '8 Bay Road'),
	(276, 'syakhin7n', 'syakhin7n@va.gov', 'iXIPcsGXby', '+970 775 207 9702', 'Seamus', 'Yakhin', '966 Glendale Plaza'),
	(277, 'aheggadon7o', 'aheggadon7o@ifeng.com', 'uBlUHHkYKfl', '+62 799 691 5957', 'Anastassia', 'Heggadon', '3696 Esch Point'),
	(278, 'dbrolly7p', 'dbrolly7p@1und1.de', 'AuIneOwXG28Q', '+381 890 218 6980', 'Darb', 'Brolly', '13016 Sycamore Hill'),
	(279, 'osmewing7q', 'osmewing7q@washingtonpost.com', 'cgzAHzMBeC', '+63 392 780 7195', 'Ofelia', 'Smewing', '40225 1st Point'),
	(280, 'blanfranconi7r', 'blanfranconi7r@time.com', 'SUaw3i0pVFTs', '+502 661 113 0803', 'Baxter', 'Lanfranconi', '9 Corry Road'),
	(281, 'sbonnefin7s', 'sbonnefin7s@tumblr.com', 'e7otnRf', '+86 646 916 3093', 'Sherwynd', 'Bonnefin', '75622 Chinook Plaza'),
	(282, 'bhewertson7t', 'bhewertson7t@telegraph.co.uk', 'aqeG11GI', '+359 917 504 7396', 'Brit', 'Hewertson', '45495 Dapin Pass'),
	(283, 'rgai7u', 'rgai7u@loc.gov', 'QvpkQN', '+86 845 649 8582', 'Rice', 'Gai', '5384 Eagan Point'),
	(284, 'asvanini7v', 'asvanini7v@cdc.gov', '1cIJWiSTPCg', '+1 619 746 0630', 'Ardyth', 'Svanini', '9 Annamark Street'),
	(285, 'kgullivan7w', 'kgullivan7w@jalbum.net', 'xviHVw', '+7 881 661 7850', 'Kaspar', 'Gullivan', '691 Gulseth Court'),
	(286, 'aroslen7x', 'aroslen7x@indiegogo.com', 'qohDWDiYXnKn', '+86 348 866 6019', 'Alison', 'Roslen', '979 Bayside Hill'),
	(287, 'ralabaster7y', 'ralabaster7y@wordpress.org', 'JnsKYKVpMU0', '+55 732 916 5890', 'Randy', 'Alabaster', '85633 Artisan Center'),
	(288, 'aturnpenny7z', 'aturnpenny7z@domainmarket.com', 'xuAa7r57', '+7 809 180 6670', 'Amabel', 'Turnpenny', '47 Victoria Alley'),
	(289, 'lcroan80', 'lcroan80@deviantart.com', 'bYBSIk0NBR0n', '+48 331 346 7676', 'Lorine', 'Croan', '70 Mitchell Junction'),
	(290, 'ktythe81', 'ktythe81@walmart.com', 'VFpMGZyMTDyc', '+63 982 851 9318', 'Kylila', 'Tythe', '2 Garrison Park'),
	(291, 'apinchbeck82', 'apinchbeck82@icq.com', 'TPqJB7oXbP', '+7 283 235 5878', 'Adrien', 'Pinchbeck', '22666 Graceland Alley'),
	(292, 'tgosden83', 'tgosden83@slideshare.net', 'WGBon2sxXpQz', '+420 141 617 5420', 'Taddeusz', 'Gosden', '7 Pierstorff Parkway'),
	(293, 'fmcallen84', 'fmcallen84@hexun.com', 'ooIMO0', '+48 702 301 0307', 'Felisha', 'McAllen', '92586 Forest Dale Circle'),
	(294, 'sshoulders85', 'sshoulders85@oracle.com', 'wAwhCLzb8', '+351 361 999 2499', 'Sayers', 'Shoulders', '5 Dakota Street'),
	(295, 'mskahill86', 'mskahill86@canalblog.com', 'f8nK9ixQ65t', '+1 209 343 0516', 'Mira', 'Skahill', '8695 Dwight Drive'),
	(296, 'smcavinchey87', 'smcavinchey87@blogs.com', 'ZnTkAv5f2ECG', '+62 346 618 8242', 'Sonia', 'McAvinchey', '93 Briar Crest Road'),
	(297, 'brobelin88', 'brobelin88@naver.com', 'p08astiTC', '+55 839 869 9794', 'Bea', 'Robelin', '92304 Springs Crossing'),
	(298, 'dwalne89', 'dwalne89@hhs.gov', 'TelPf6vl8', '+48 332 210 4668', 'Dilly', 'Walne', '85 Trailsway Alley'),
	(299, 'capplegarth8a', 'capplegarth8a@weebly.com', 'ebLlwk', '+86 683 978 1986', 'Ciro', 'Applegarth', '3107 Moose Point'),
	(300, 'mknibb8b', 'mknibb8b@jigsy.com', '0GTidLenuqAF', '+62 431 135 2047', 'Myrah', 'Knibb', '10 Farwell Place'),
	(301, 'vdeville8c', 'vdeville8c@flavors.me', 'GTvw7njWzkpH', '+380 314 168 6739', 'Vivien', 'Deville', '81 Carpenter Park'),
	(302, 'salten8d', 'salten8d@wunderground.com', 'WqsBgP6r', '+63 378 195 5704', 'Shelli', 'Alten', '60076 Mayfield Alley'),
	(303, 'melizabeth8e', 'melizabeth8e@google.com', 'T3gIr869', '+86 449 722 8088', 'Merridie', 'Elizabeth', '1 Sheridan Alley'),
	(304, 'kdendle8f', 'kdendle8f@bigcartel.com', 'VvGdIVUnW', '+55 921 408 9996', 'Kandace', 'Dendle', '01 Monument Circle'),
	(305, 'wmcpake8g', 'wmcpake8g@tumblr.com', 'y5fayk2d', '+48 515 483 6711', 'Wallache', 'McPake', '9 Moulton Trail'),
	(306, 'cjailler8h', 'cjailler8h@google.cn', 's5kfJ7DMk', '+1 900 619 7679', 'Car', 'Jailler', '18567 Meadow Vale Crossing'),
	(307, 'hduly8i', 'hduly8i@nyu.edu', '5fnqIbO', '+595 596 778 9089', 'Herbert', 'Duly', '0706 Rusk Circle'),
	(308, 'ldufton8j', 'ldufton8j@rakuten.co.jp', 'JU2aToSZ', '+351 235 723 3324', 'Luisa', 'Dufton', '8 Esker Circle'),
	(309, 'adidball8k', 'adidball8k@blogs.com', 'O4TRZlx7gu', '+62 398 489 4368', 'Aylmar', 'Didball', '5 Wayridge Court'),
	(310, 'bfocke8l', 'bfocke8l@stanford.edu', 'RLMhV3HiFbgZ', '+27 420 731 5438', 'Britt', 'Focke', '482 Lakewood Point'),
	(311, 'hmasdon8m', 'hmasdon8m@booking.com', 'jPUwsDWn', '+1 304 645 6852', 'Hazlett', 'Masdon', '509 Mendota Lane'),
	(312, 'idyte8n', 'idyte8n@facebook.com', 'B75C0a', '+63 243 230 2184', 'Ivonne', 'Dyte', '7000 East Way'),
	(313, 'sbunton8o', 'sbunton8o@ihg.com', 'VFwppld', '+976 709 858 4090', 'Shelden', 'Bunton', '437 Oxford Way'),
	(314, 'bvise8p', 'bvise8p@google.it', 'bTwHlNIlMniu', '+46 100 436 1210', 'Broderic', 'Vise', '7858 Wayridge Crossing'),
	(315, 'hfrunks8q', 'hfrunks8q@diigo.com', 'xwUglDzW', '+1 486 181 3197', 'Helena', 'Frunks', '6378 Everett Junction'),
	(316, 'wcutforth8r', 'wcutforth8r@oracle.com', 'PDC8xWJ5zcG', '+962 937 513 1007', 'Welbie', 'Cutforth', '5484 Sauthoff Road'),
	(317, 'akinker8s', 'akinker8s@blogspot.com', 'y72U2g', '+57 979 842 3208', 'Abraham', 'Kinker', '83 Daystar Park'),
	(318, 'mbeeres8t', 'mbeeres8t@i2i.jp', 'WlJyGfDDJI4', '+57 180 256 0239', 'Marje', 'Beeres', '43 School Circle'),
	(319, 'lclavey8u', 'lclavey8u@google.ru', 'C6CYMBN2u', '+48 714 248 1510', 'Loni', 'Clavey', '8 Harper Place'),
	(320, 'cbringloe8v', 'cbringloe8v@answers.com', 'S7PreuEEY', '+992 750 914 1137', 'Carce', 'Bringloe', '48741 Hoard Drive'),
	(321, 'bmaffioletti8w', 'bmaffioletti8w@huffingtonpost.com', 'lKlzV2mHYXwS', '+82 310 124 0412', 'Bonny', 'Maffioletti', '77865 Buhler Street'),
	(322, 'mshevlan8x', 'mshevlan8x@tmall.com', 'SAkyc2q', '+86 194 162 9218', 'Morey', 'Shevlan', '0580 Sachtjen Place'),
	(323, 'bparslow8y', 'bparslow8y@technorati.com', 'qSyEuKA4Om', '+86 664 775 2092', 'Bertrando', 'Parslow', '2 Petterle Avenue'),
	(324, 'helcomb8z', 'helcomb8z@cnet.com', 'vZsauxOzCOHR', '+220 124 734 6992', 'Hayward', 'Elcomb', '53 Goodland Plaza'),
	(325, 'clorente90', 'clorente90@cnbc.com', '9GtGWU', '+86 876 823 9808', 'Clarine', 'Lorente', '16 Brown Road'),
	(326, 'jenrrico91', 'jenrrico91@wsj.com', '88O656VwaLxi', '+7 642 845 1147', 'Jervis', 'Enrrico', '49715 Westend Alley'),
	(327, 'jkelshaw92', 'jkelshaw92@comcast.net', 'MrMzWuFD5', '+244 271 360 8803', 'Justine', 'Kelshaw', '2 Twin Pines Avenue'),
	(328, 'acrandon93', 'acrandon93@yolasite.com', '1B7nwGK', '+7 947 887 4962', 'Anastasia', 'Crandon', '2 Packers Road'),
	(329, 'vskrzynski94', 'vskrzynski94@unc.edu', 'tO2vBtwB8slu', '+376 997 736 7707', 'Vivie', 'Skrzynski', '78409 Northport Crossing'),
	(330, 'zmelpuss95', 'zmelpuss95@oakley.com', 'd7EQUW', '+48 887 506 8219', 'Zed', 'Melpuss', '722 Loftsgordon Way'),
	(331, 'rbrudenell96', 'rbrudenell96@fastcompany.com', 'tlLt2SJXrXpX', '+261 278 223 6239', 'Rhodia', 'Brudenell', '725 Tony Center'),
	(332, 'hhatry97', 'hhatry97@go.com', 'qMoKVFXt3', '+7 296 460 0649', 'Harmon', 'Hatry', '9 Duke Court'),
	(333, 'cmacgiany98', 'cmacgiany98@google.com', 'uG4LDmBwh', '+62 461 244 2350', 'Clarine', 'MacGiany', '041 Doe Crossing Street'),
	(334, 'pdayce99', 'pdayce99@prweb.com', 'Iq08YeAM', '+380 139 405 2526', 'Paulo', 'Dayce', '7260 8th Drive'),
	(335, 'ebone9a', 'ebone9a@loc.gov', 'QyAqlsZeI5x9', '+62 686 143 2195', 'Ericka', 'Bone', '356 Clemons Road'),
	(336, 'smayze9b', 'smayze9b@gov.uk', 'k6L3XF', '+57 901 621 5201', 'Syd', 'Mayze', '5 Barby Terrace'),
	(337, 'eisaaksohn9c', 'eisaaksohn9c@exblog.jp', 'ydfN1Lii8Eod', '+63 919 734 7751', 'Emile', 'Isaaksohn', '8646 Bay Drive'),
	(338, 'jbrowne9d', 'jbrowne9d@vkontakte.ru', 'Nos17d', '+46 151 328 5954', 'Jarad', 'Browne', '09591 Scoville Court'),
	(339, 'amcravey9e', 'amcravey9e@joomla.org', 'GMp7pNiO', '+86 118 196 0691', 'Adelaida', 'McRavey', '9895 Forest Run Point'),
	(340, 'tmcgonigal9f', 'tmcgonigal9f@redcross.org', 'hwyOcTJW78zF', '+86 231 282 0878', 'Teddi', 'McGonigal', '761 Prairie Rose Street'),
	(341, 'apetyt9g', 'apetyt9g@xing.com', '7PwYA1y', '+63 462 337 9423', 'August', 'Petyt', '76 Crownhardt Court'),
	(342, 'hdarree9h', 'hdarree9h@sphinn.com', '3Om1GYq6rhuD', '+54 260 798 9118', 'Hazel', 'Darree', '9870 Bay Plaza'),
	(343, 'clees9i', 'clees9i@163.com', 'YryFYt', '+63 500 710 7259', 'Chery', 'Lees', '61431 Starling Terrace'),
	(344, 'imapston9j', 'imapston9j@alibaba.com', '3wd2Hc', '+256 323 149 6279', 'Isobel', 'Mapston', '449 Declaration Street'),
	(345, 'hschwandner9k', 'hschwandner9k@mac.com', 'SCwSJksiIK', '+7 690 650 1096', 'Hattie', 'Schwandner', '82 Sunbrook Terrace'),
	(346, 'csustins9l', 'csustins9l@1und1.de', 'g7Ovsdn7', '+420 396 749 0125', 'Craig', 'Sustins', '5432 Brown Alley'),
	(347, 'plempke9m', 'plempke9m@yahoo.co.jp', 'xKMiQWtvc', '+7 221 247 9803', 'Pauletta', 'Lempke', '21 Swallow Avenue'),
	(348, 'sternouth9n', 'sternouth9n@msn.com', 'kvB0BIGq', '+86 664 545 2380', 'Skell', 'Ternouth', '99217 Monterey Way'),
	(349, 'pthickpenny9o', 'pthickpenny9o@cpanel.net', 'ZI3iVYV5', '+86 476 328 1253', 'Pren', 'Thickpenny', '84 Dawn Street'),
	(350, 'sketts9p', 'sketts9p@zimbio.com', 'riNBJC', '+265 416 184 8281', 'Sterne', 'Ketts', '76146 Pankratz Park'),
	(351, 'lroddick9q', 'lroddick9q@usgs.gov', 'x8iPbe8v9', '+249 766 258 5077', 'Lenore', 'Roddick', '9948 Armistice Park'),
	(352, 'oatheis9r', 'oatheis9r@wordpress.com', 'xEvzgw09Sl', '+48 117 547 4669', 'Oralee', 'Atheis', '3 Veith Way'),
	(353, 'lbrannan9s', 'lbrannan9s@blogtalkradio.com', '7lDgGBEk3YJL', '+84 774 296 8682', 'Lotti', 'Brannan', '3345 Oneill Drive'),
	(354, 'mmanford9t', 'mmanford9t@eventbrite.com', 'GD7eNc', '+51 311 487 1553', 'Mechelle', 'Manford', '38 Anzinger Hill'),
	(355, 'nprahl9u', 'nprahl9u@domainmarket.com', 'HOBd0DZD5CN3', '+62 486 849 0017', 'Noreen', 'Prahl', '8 Drewry Road'),
	(356, 'agurden9v', 'agurden9v@shutterfly.com', '9YFmz0', '+86 641 905 3768', 'Adah', 'Gurden', '37 Bunting Way'),
	(357, 'yfear9w', 'yfear9w@wiley.com', 'gqH6aK', '+507 602 896 5530', 'Ynes', 'Fear', '9738 Eastlawn Terrace'),
	(358, 'lmordan9x', 'lmordan9x@mtv.com', 'jepcnbwl', '+62 957 244 0249', 'Leela', 'Mordan', '3 Moulton Park'),
	(359, 'bwillacot9y', 'bwillacot9y@rediff.com', 'fNd2p13gf', '+48 595 846 3132', 'Bernette', 'Willacot', '7 Messerschmidt Plaza'),
	(360, 'kblondell9z', 'kblondell9z@walmart.com', 'u9D28BfFna', '+353 675 420 9436', 'Kyla', 'Blondell', '49247 Bluejay Point'),
	(361, 'bapplewhitea0', 'bapplewhitea0@wordpress.com', 'oNwYzli1Kb', '+57 315 935 8944', 'Bernardina', 'Applewhite', '81860 Corben Circle'),
	(362, 'ematignona1', 'ematignona1@friendfeed.com', 'ab6GmuCGANGN', '+7 143 646 2020', 'Evangelin', 'Matignon', '599 Elmside Drive'),
	(363, 'mspellinga2', 'mspellinga2@nps.gov', '9Qh2FOFnHUS', '+62 195 279 4612', 'Marius', 'Spelling', '23 Heath Lane'),
	(364, 'jmacmeekinga3', 'jmacmeekinga3@networkadvertising.org', 'LiZZTN', '+51 148 415 8714', 'Jere', 'MacMeeking', '230 Gateway Center'),
	(365, 'jbettingtona4', 'jbettingtona4@wisc.edu', 'nTvpyic3L0Vy', '+7 129 872 3847', 'Jonell', 'Bettington', '12736 Luster Lane'),
	(366, 'bcollistera5', 'bcollistera5@networksolutions.com', 'o8BJHfwf', '+30 987 112 9643', 'Brig', 'Collister', '2409 Vermont Hill'),
	(367, 'glimmera6', 'glimmera6@liveinternet.ru', 'IXHSIhNqZU', '+62 715 880 4949', 'Goober', 'Limmer', '114 Annamark Street'),
	(368, 'bjozsaa7', 'bjozsaa7@va.gov', 'IFrO6uVY52hy', '+86 324 570 7850', 'Bliss', 'Jozsa', '402 Sloan Court'),
	(369, 'ewhiteara8', 'ewhiteara8@odnoklassniki.ru', 'yp0w6JJr', '+66 362 774 6691', 'Elyse', 'Whitear', '7974 Holmberg Road'),
	(370, 'hjurgensona9', 'hjurgensona9@deliciousdays.com', 'jMeTnoAXuKF', '+62 211 989 9587', 'Hamil', 'Jurgenson', '65309 Straubel Parkway'),
	(371, 'rflescheraa', 'rflescheraa@fastcompany.com', 'bJPG26WNE', '+57 567 570 9199', 'Ruthanne', 'Flescher', '9 Nevada Park'),
	(372, 'arylesab', 'arylesab@sakura.ne.jp', 'CCiPcicUbQ', '+86 676 561 0000', 'Antons', 'Ryles', '68 Rutledge Circle'),
	(373, 'bwightmanac', 'bwightmanac@photobucket.com', '4RG8yP', '+86 748 552 1017', 'Benyamin', 'Wightman', '6 Helena Drive'),
	(374, 'jboocockad', 'jboocockad@huffingtonpost.com', 'oKtV3viUjD', '+86 369 269 9680', 'Julie', 'Boocock', '25935 5th Hill'),
	(375, 'anorvalae', 'anorvalae@wikia.com', 'FwqfvXfGDvg', '+62 378 945 4400', 'Arni', 'Norval', '07 Lunder Point'),
	(376, 'lellgoodaf', 'lellgoodaf@wordpress.org', 'vceH667', '+222 722 722 2104', 'Lovell', 'Ellgood', '14 Grayhawk Road'),
	(377, 'mcumptonag', 'mcumptonag@weebly.com', 'z9JFJv', '+86 888 180 4014', 'Mariellen', 'Cumpton', '6 Hooker Trail'),
	(378, 'aheinemannah', 'aheinemannah@google.nl', '3yhGdsO6dTy', '+57 892 530 3454', 'Agustin', 'Heinemann', '52988 Clove Junction'),
	(379, 'cpiggfordai', 'cpiggfordai@cnn.com', 'CXclWO', '+86 147 313 9304', 'Cal', 'Piggford', '985 7th Street'),
	(380, 'hbottonaj', 'hbottonaj@odnoklassniki.ru', 'okNXgk', '+48 423 520 4534', 'Hube', 'Botton', '86428 Comanche Lane'),
	(381, 'tboheyak', 'tboheyak@odnoklassniki.ru', 'QAqj21pT', '+62 398 553 4083', 'Thaxter', 'Bohey', '9708 Artisan Lane'),
	(382, 'cmunnisal', 'cmunnisal@archive.org', 'FVWTMUv', '+48 311 955 7099', 'Clemente', 'Munnis', '7436 Pond Plaza'),
	(383, 'dpincottam', 'dpincottam@clickbank.net', 'k9IwpI', '+685 264 751 6185', 'Daloris', 'Pincott', '3606 Milwaukee Terrace'),
	(384, 'bmacchaellan', 'bmacchaellan@parallels.com', 'XNvyluzuw', '+30 569 171 6253', 'Bink', 'MacChaell', '27987 Boyd Point'),
	(385, 'rjozsefao', 'rjozsefao@chronoengine.com', 'NelVvzLaR', '+31 602 532 4522', 'Rosalind', 'Jozsef', '890 Stone Corner Avenue'),
	(386, 'mwlochap', 'mwlochap@forbes.com', 'pBcaY2W', '+886 897 405 4601', 'Moritz', 'Wloch', '35133 Atwood Point'),
	(387, 'lreicheltaq', 'lreicheltaq@soundcloud.com', 'nIl7LVsAmYj', '+86 837 268 0280', 'Lanie', 'Reichelt', '1 Donald Street'),
	(388, 'egynniar', 'egynniar@marketwatch.com', 'Em4nOP1X03', '+86 718 341 1056', 'Ezekiel', 'Gynni', '58095 Valley Edge Center'),
	(389, 'edwireas', 'edwireas@issuu.com', 'SBeQqAbVOQ', '+86 413 575 6147', 'Esme', 'Dwire', '108 Hooker Alley'),
	(390, 'odominichettiat', 'odominichettiat@examiner.com', 'KdmQh9wVHp', '+86 773 513 1685', 'Ofelia', 'Dominichetti', '47 Clyde Gallagher Point'),
	(391, 'bibbotsonau', 'bibbotsonau@wikipedia.org', 'XQBKIn0', '+93 149 283 4974', 'Bobbette', 'Ibbotson', '5 Cherokee Place'),
	(392, 'mperreeav', 'mperreeav@howstuffworks.com', 'yT2eCr18', '+34 308 642 9761', 'Marissa', 'Perree', '0309 Mallard Court'),
	(393, 'ifawthropaw', 'ifawthropaw@deliciousdays.com', 'yaRaehHZRx4', '+86 225 680 4528', 'Inger', 'Fawthrop', '2 4th Hill'),
	(394, 'aadneyax', 'aadneyax@webeden.co.uk', '2Pf7oE', '+47 871 661 8456', 'Arch', 'Adney', '609 Eagle Crest Drive'),
	(395, 'cwiffleray', 'cwiffleray@youtu.be', 'RXu9KtI', '+55 406 898 2573', 'Crystie', 'Wiffler', '291 Hauk Point'),
	(396, 'bjurkowskiaz', 'bjurkowskiaz@networksolutions.com', 'uWm6kKxk', '+62 297 610 1810', 'Brok', 'Jurkowski', '8316 Farragut Hill'),
	(397, 'emcquarterb0', 'emcquarterb0@mysql.com', '6H2o1r23', '+54 948 823 7038', 'Edita', 'McQuarter', '5 Jenifer Park'),
	(398, 'bshevelinb1', 'bshevelinb1@dailymail.co.uk', 'GKvp0PBbF68', '+86 189 748 3116', 'Brody', 'Shevelin', '65078 Kedzie Point'),
	(399, 'cwinningb2', 'cwinningb2@gnu.org', '8CYEHu', '+993 960 552 0602', 'Clyve', 'Winning', '1 Anthes Way'),
	(400, 'rhuginb3', 'rhuginb3@dailymotion.com', 'LNA7CBuUXb', '+62 847 321 8148', 'Rowney', 'Hugin', '9 Debs Lane'),
	(401, 'akilfordb4', 'akilfordb4@qq.com', '4kyFHU34fqX', '+86 834 398 0706', 'Anthony', 'Kilford', '17046 Dexter Circle'),
	(402, 'mfirbankb5', 'mfirbankb5@github.io', 'i2X71sgJXyc', '+223 965 287 4843', 'Modesty', 'Firbank', '9 Nancy Parkway'),
	(403, 'jhirtheb6', 'jhirtheb6@ow.ly', 'PSE8MVin', '+7 318 945 1903', 'Jonah', 'Hirthe', '1194 Dawn Pass'),
	(404, 'schithamb7', 'schithamb7@constantcontact.com', 'VbdRCeAcFY', '+86 686 636 8213', 'Sarina', 'Chitham', '7609 Alpine Parkway'),
	(405, 'lcadaganb8', 'lcadaganb8@sciencedaily.com', 'iTrAMXa90ELG', '+48 905 969 2279', 'Leontine', 'Cadagan', '7 Drewry Hill'),
	(406, 'apauleb9', 'apauleb9@princeton.edu', 'mJGLMs2w', '+86 326 643 0610', 'Adrianne', 'Paule', '5 Vermont Trail'),
	(407, 'elamplba', 'elamplba@jimdo.com', 'mBO9FM', '+86 470 591 4278', 'Erica', 'Lampl', '53 Dakota Parkway'),
	(408, 'gkirkbb', 'gkirkbb@timesonline.co.uk', 'BHFiyw39aa', '+966 135 203 0647', 'Gregorius', 'Kirk', '770 Granby Street'),
	(409, 'klabronebc', 'klabronebc@hatena.ne.jp', 'z3pl8NAvQD', '+977 807 105 0809', 'Kessia', 'Labrone', '40850 Scofield Pass'),
	(410, 'mkingcottbd', 'mkingcottbd@berkeley.edu', 'kLJiUQyPcE5Q', '+359 777 849 6987', 'Mayor', 'Kingcott', '5440 American Pass'),
	(411, 'gmccuffiebe', 'gmccuffiebe@reddit.com', 'V7ZjCVm', '+509 263 451 9457', 'Gus', 'McCuffie', '070 Debra Circle'),
	(412, 'hgoldingbf', 'hgoldingbf@prweb.com', 'IexBiMSiA', '+506 382 588 2557', 'Hayes', 'Golding', '4 Thompson Crossing'),
	(413, 'mlindholmbg', 'mlindholmbg@blogger.com', '0AiuvKUBNc', '+86 130 356 4531', 'Micheal', 'Lindholm', '2016 Londonderry Way'),
	(414, 'csailebh', 'csailebh@npr.org', 's5N6SYu6', '+55 269 371 6121', 'Carmelita', 'Saile', '0195 Mcguire Center'),
	(415, 'skeenbi', 'skeenbi@youku.com', 'KYHb1cumN6ZI', '+57 519 167 7624', 'Sheridan', 'Keen', '572 Karstens Way'),
	(416, 'lmewsbj', 'lmewsbj@nationalgeographic.com', 'N93V4FS', '+63 965 418 8457', 'Lauryn', 'Mews', '25769 Morningstar Way'),
	(417, 'zlukasenbk', 'zlukasenbk@photobucket.com', 'YMECKxCjnhgU', '+46 236 491 9804', 'Zaneta', 'Lukasen', '04 Killdeer Center'),
	(418, 'abudgenbl', 'abudgenbl@chron.com', 'Yrsmocv6ITFW', '+62 699 317 4956', 'Alys', 'Budgen', '665 Farwell Circle'),
	(419, 'pcortonbm', 'pcortonbm@tmall.com', 'k1YGuoh7ss', '+33 231 391 7804', 'Petronella', 'Corton', '93455 Farragut Road'),
	(420, 'kfitzsimmonsbn', 'kfitzsimmonsbn@cornell.edu', 'WixjlwO8', '+244 321 208 7786', 'Kinsley', 'Fitzsimmons', '6 Artisan Lane'),
	(421, 'showmanbo', 'showmanbo@stumbleupon.com', 'wJ11KoTf', '+51 165 781 9402', 'Sosanna', 'Howman', '37 Lerdahl Lane'),
	(422, 'dhatherleighbp', 'dhatherleighbp@flickr.com', 'Kwi53h3Tun8', '+351 572 279 7647', 'Duffy', 'Hatherleigh', '2169 Jay Hill'),
	(423, 'lblanquebq', 'lblanquebq@goo.ne.jp', 'E0MVyN', '+33 345 184 8656', 'Lemuel', 'Blanque', '39757 Clemons Circle'),
	(424, 'lsaxtonbr', 'lsaxtonbr@ezinearticles.com', 'ozeSRMHkra', '+86 667 821 5330', 'Lilly', 'Saxton', '44 Brown Court'),
	(425, 'tpinsonbs', 'tpinsonbs@hostgator.com', 'HaM8YJcj2', '+47 890 397 1452', 'Travus', 'Pinson', '65204 Logan Crossing'),
	(426, 'nhadentonbt', 'nhadentonbt@si.edu', 'VKuBMhzmq', '+86 157 632 4538', 'Nerte', 'Hadenton', '777 Bayside Terrace'),
	(427, 'cstanylandbu', 'cstanylandbu@usgs.gov', 'fZlPWH', '+234 174 505 2108', 'Celina', 'Stanyland', '827 Stuart Pass'),
	(428, 'dalmeybv', 'dalmeybv@tamu.edu', 'Ddd3vLFq', '+62 764 308 7942', 'Dall', 'Almey', '08583 Buell Crossing'),
	(429, 'amccreathbw', 'amccreathbw@dailymail.co.uk', 'Ztykz6PXbaKU', '+46 818 730 6448', 'Adrienne', 'McCreath', '8 Briar Crest Plaza'),
	(430, 'zjanowskibx', 'zjanowskibx@dagondesign.com', 'Glj83cnI4sS', '+351 737 208 6597', 'Zed', 'Janowski', '3333 Dottie Park'),
	(431, 'raustenby', 'raustenby@usa.gov', 'QKL1gNGVc', '+63 327 718 4053', 'Roxanna', 'Austen', '6 Bobwhite Way'),
	(432, 'lfaustbz', 'lfaustbz@nifty.com', 'qXowxwCV6T', '+33 340 922 8079', 'Lisle', 'Faust', '33 Village Parkway'),
	(433, 'bbissetc0', 'bbissetc0@seattletimes.com', 'xCP2WzKr9a', '+62 437 886 8535', 'Brandice', 'Bisset', '2303 Becker Court'),
	(434, 'dgorringc1', 'dgorringc1@hatena.ne.jp', 'zKFM3cLa', '+62 795 663 5890', 'Darcy', 'Gorring', '99 Southridge Hill'),
	(435, 'adillingstonc2', 'adillingstonc2@ezinearticles.com', 'zMFdgP38RK', '+86 228 639 5111', 'Aldin', 'Dillingston', '47273 Rusk Pass'),
	(436, 'nsanbrokec3', 'nsanbrokec3@exblog.jp', 'xtKyMHHRIpr', '+380 866 577 5156', 'Natale', 'Sanbroke', '45 Oriole Circle'),
	(437, 'jmacaskiec4', 'jmacaskiec4@tuttocitta.it', 'kZrnbYgo', '+62 629 567 5487', 'Janey', 'MacAskie', '18 Moulton Court'),
	(438, 'epharoahc5', 'epharoahc5@hatena.ne.jp', 'C44IKc', '+86 878 511 6627', 'Ellene', 'Pharoah', '359 Veith Circle'),
	(439, 'ecloustonc6', 'ecloustonc6@virginia.edu', 'txRTZEI', '+62 809 846 9917', 'Ely', 'Clouston', '160 Milwaukee Street'),
	(440, 'gvaughnc7', 'gvaughnc7@studiopress.com', 'Ndpq237KM', '+93 425 325 1785', 'Gardy', 'Vaughn', '98 Glendale Plaza'),
	(441, 'dkettlestringesc8', 'dkettlestringesc8@vinaora.com', 'ihhy5yyMsM2', '+62 411 379 9793', 'Dorry', 'Kettlestringes', '76 John Wall Crossing'),
	(442, 'srickeardc9', 'srickeardc9@bluehost.com', 'zeunmJLOuGUu', '+86 421 298 4684', 'Shannon', 'Rickeard', '761 Hollow Ridge Drive'),
	(443, 'pstoggellca', 'pstoggellca@yahoo.com', 'QT5WekvRT', '+86 444 427 3957', 'Peria', 'Stoggell', '3704 Westend Park'),
	(444, 'whellyercb', 'whellyercb@topsy.com', 'mrfzrb', '+63 854 569 4737', 'Wanda', 'Hellyer', '48 Fordem Street'),
	(445, 'amccorleycc', 'amccorleycc@biblegateway.com', 'EDStmgVOqkNa', '+45 863 579 6946', 'Anestassia', 'Mc Corley', '66159 Larry Parkway'),
	(446, 'bbastimancd', 'bbastimancd@xinhuanet.com', 'mUgVxx', '+86 620 328 9541', 'Bethina', 'Bastiman', '46270 Rigney Drive'),
	(447, 'hwitterce', 'hwitterce@desdev.cn', 'EZ9KBizBj5D', '+86 246 207 5588', 'Harmonie', 'Witter', '4 Mallard Trail'),
	(448, 'enorthallcf', 'enorthallcf@tinypic.com', 'H8fLspq9ZU', '+351 401 388 2761', 'Edwina', 'Northall', '86 Kropf Trail'),
	(449, 'bcolquittcg', 'bcolquittcg@amazon.com', 'zyuTQTd1t', '+1 473 567 8731', 'Blaire', 'Colquitt', '1 Elgar Lane'),
	(450, 'tfliegch', 'tfliegch@reverbnation.com', 'f0uHyiJjtm8K', '+62 505 845 9882', 'Theodore', 'Flieg', '31542 Pine View Pass'),
	(451, 'sheyburnci', 'sheyburnci@guardian.co.uk', 'DoNeQCS38', '+356 399 974 0023', 'Salem', 'Heyburn', '46816 Vernon Trail'),
	(452, 'kgrisdalecj', 'kgrisdalecj@google.com.br', 'Gi7dTelRmNFs', '+501 659 248 7775', 'Karlie', 'Grisdale', '97 Elmside Trail'),
	(453, 'fcheakck', 'fcheakck@alibaba.com', 'fKbADPNfkR', '+1 612 219 8945', 'Farlay', 'Cheak', '23729 8th Point'),
	(454, 'smarriancl', 'smarriancl@discuz.net', 'NssdNYz', '+267 953 443 8908', 'Stefano', 'Marrian', '147 Charing Cross Parkway'),
	(455, 'hhawkencm', 'hhawkencm@weibo.com', 'PtjkSO13LU2', '+48 789 925 6481', 'Harold', 'Hawken', '3793 Norway Maple Terrace'),
	(456, 'mranniecn', 'mranniecn@youku.com', 'oOvtrv', '+1 336 664 9474', 'Micky', 'Rannie', '8670 Scoville Junction'),
	(457, 'fgillattco', 'fgillattco@icq.com', 'FNGlxo7BD', '+58 594 743 7253', 'Francesco', 'Gillatt', '379 Lerdahl Road'),
	(458, 'rolochancp', 'rolochancp@nih.gov', 'Cb9ZW7', '+86 793 119 0852', 'Richard', 'O\'Lochan', '00360 Lawn Crossing'),
	(459, 'jetheredgecq', 'jetheredgecq@vistaprint.com', '3EYWx4', '+856 718 369 2836', 'Jocko', 'Etheredge', '2613 Randy Alley'),
	(460, 'jhyattcr', 'jhyattcr@google.com', 'srEVAe', '+86 841 182 6287', 'Jermaine', 'Hyatt', '70 Eastlawn Drive'),
	(461, 'mleonardcs', 'mleonardcs@discuz.net', 'Vz7YQDV9xBgI', '+55 474 306 3446', 'Mada', 'Leonard', '9301 Caliangt Place'),
	(462, 'nheatlyct', 'nheatlyct@statcounter.com', 'ys6iE0SI', '+92 471 455 4292', 'Nolana', 'Heatly', '7041 Pankratz Crossing'),
	(463, 'sbrizellcu', 'sbrizellcu@sourceforge.net', '4gpUYDFssb9', '+375 922 124 5712', 'Somerset', 'Brizell', '7 Garrison Junction'),
	(464, 'bbrierlycv', 'bbrierlycv@joomla.org', 'bIiViGhtfx', '+675 624 528 9927', 'Brendon', 'Brierly', '96885 Manley Lane'),
	(465, 'apadycw', 'apadycw@mysql.com', '25LyBlgu', '+86 473 945 8903', 'Abdel', 'Pady', '1 Surrey Park'),
	(466, 'sbenedetticx', 'sbenedetticx@jimdo.com', '7bvCxgCA', '+63 338 436 1099', 'Sorcha', 'Benedetti', '8756 Comanche Street'),
	(467, 'apeddercy', 'apeddercy@t.co', 'Gr2dbB5CYNN', '+86 927 329 1497', 'Arlette', 'Pedder', '43404 Sunbrook Circle'),
	(468, 'tpalombicz', 'tpalombicz@dyndns.org', 'EnvCkSH', '+86 696 771 9616', 'Trevar', 'Palombi', '42401 Stephen Avenue'),
	(469, 'aworpoled0', 'aworpoled0@homestead.com', '2BQu8hg4', '+86 747 546 9597', 'Andrew', 'Worpole', '8 North Lane'),
	(470, 'ggillsond1', 'ggillsond1@narod.ru', 'VH25Z3F', '+33 871 978 7046', 'Georgianne', 'Gillson', '25 Rusk Hill'),
	(471, 'ndankod2', 'ndankod2@home.pl', 'rsKuFOrK', '+86 587 753 8992', 'Nollie', 'Danko', '1625 Gulseth Court'),
	(472, 'fdilkesd3', 'fdilkesd3@berkeley.edu', 'ilNCzG', '+86 349 702 7052', 'Francine', 'Dilkes', '8149 Mitchell Pass'),
	(473, 'stummondd4', 'stummondd4@woothemes.com', 'iY7eW3tcy', '+420 739 118 6077', 'Stormi', 'Tummond', '09 Northwestern Alley'),
	(474, 'btruded5', 'btruded5@bloglovin.com', 'Npjum4', '+52 263 389 5704', 'Benedikt', 'Trude', '609 Raven Plaza'),
	(475, 'cspinleyd6', 'cspinleyd6@prweb.com', 'BARdYBXr', '+359 904 987 7914', 'Corrinne', 'Spinley', '364 Kenwood Lane'),
	(476, 'sdiabled7', 'sdiabled7@whitehouse.gov', 'WacQrkTUBK1', '+62 979 950 1020', 'Shanan', 'Diable', '48 Lakewood Drive'),
	(477, 'gspinneyd8', 'gspinneyd8@un.org', 'UItUtZoxBke2', '+57 776 882 0454', 'Gilberta', 'Spinney', '9 Coolidge Parkway'),
	(478, 'kjosovitzd9', 'kjosovitzd9@joomla.org', 'bPX9ZfSo', '+351 482 912 8999', 'Kym', 'Josovitz', '434 Hauk Circle'),
	(479, 'tbeeverda', 'tbeeverda@google.pl', 'mjPBLRxQVyq', '+48 152 785 1337', 'Torre', 'Beever', '6680 Bowman Street'),
	(480, 'slanfeardb', 'slanfeardb@blogger.com', 'Rbz9EoCjutdd', '+216 979 482 9691', 'Shell', 'Lanfear', '0 Green Trail'),
	(481, 'rmccaskelldc', 'rmccaskelldc@parallels.com', 'meO2FaL', '+63 218 631 1377', 'Rafaelia', 'McCaskell', '6048 Pond Trail'),
	(482, 'scommindd', 'scommindd@digg.com', '5pqKy8', '+45 863 538 7409', 'Shaughn', 'Commin', '5 Haas Hill'),
	(483, 'tterzzade', 'tterzzade@t-online.de', 'w081C1Vq', '+855 999 177 2235', 'Torey', 'Terzza', '9778 Ridgeview Center'),
	(484, 'jamorinedf', 'jamorinedf@de.vu', 'CZPS8iIDW', '+27 952 752 1329', 'Joanie', 'Amorine', '1914 Glacier Hill Center'),
	(485, 'lalgerdg', 'lalgerdg@statcounter.com', '9WUrcsAuSYdr', '+86 569 848 8994', 'Lebbie', 'Alger', '33107 Ramsey Road'),
	(486, 'jjellymandh', 'jjellymandh@etsy.com', '3be0ht7APlg', '+358 763 235 4230', 'Janek', 'Jellyman', '80 Division Street'),
	(487, 'vvoasedi', 'vvoasedi@go.com', 'fV1qWqdrZEb', '+86 713 919 9555', 'Vivian', 'Voase', '936 Jenna Pass'),
	(488, 'nlukeschdj', 'nlukeschdj@ustream.tv', 'i567J6', '+351 475 669 6531', 'Natalee', 'Lukesch', '60141 Bobwhite Parkway'),
	(489, 'jfennersdk', 'jfennersdk@webs.com', 'ryfmEy', '+380 354 689 4689', 'Jock', 'Fenners', '16 Kings Hill'),
	(490, 'mosuairddl', 'mosuairddl@blogspot.com', '0TyvuBP6s', '+86 450 902 9172', 'Mac', 'O\'Suaird', '7 Warner Center'),
	(491, 'dboulterdm', 'dboulterdm@simplemachines.org', 'GqPdrj', '+7 187 915 9349', 'Darcee', 'Boulter', '987 Hooker Crossing'),
	(492, 'nhymasdn', 'nhymasdn@rakuten.co.jp', 'kMyjPDKAwto', '+57 871 170 5390', 'Noel', 'Hymas', '7 Northview Parkway'),
	(493, 'ngroobydo', 'ngroobydo@sbwire.com', '1FATeU', '+86 592 156 0574', 'Norrie', 'Grooby', '66 Fuller Place'),
	(494, 'lbarnettdp', 'lbarnettdp@si.edu', 'FQwdESWZnx', '+84 687 623 0390', 'Lara', 'Barnett', '117 Ridgeview Lane'),
	(495, 'shardwelldq', 'shardwelldq@linkedin.com', 'XeiCVdl7', '+880 620 751 7691', 'Sally', 'Hardwell', '83 Glendale Lane'),
	(496, 'dflemmichdr', 'dflemmichdr@tamu.edu', 'XQpfw1', '+55 187 578 6894', 'Darby', 'Flemmich', '49633 Harbort Road'),
	(497, 'wvenmoreds', 'wvenmoreds@sfgate.com', '0IA06JSZpvpS', '+356 410 708 6307', 'Waldon', 'Venmore', '77 Summerview Road'),
	(498, 'sgildingdt', 'sgildingdt@qq.com', '1JbIkL1wA2C7', '+86 598 850 4266', 'Scot', 'Gilding', '48840 Pine View Point'),
	(499, 'cmabbuttdu', 'cmabbuttdu@google.de', '8nBCh2MMhN', '+60 819 267 4115', 'Corbin', 'Mabbutt', '9 Pierstorff Avenue'),
	(500, 'dyurkevichdv', 'dyurkevichdv@naver.com', '1KZjNTdW', '+62 502 608 0499', 'Dari', 'Yurkevich', '1984 Judy Avenue'),
	(501, 'jcubleydw', 'jcubleydw@liveinternet.ru', 'pKLnM2', '+976 584 557 9045', 'Jacquetta', 'Cubley', '78 Mendota Trail'),
	(502, 'rdhillondx', 'rdhillondx@mapy.cz', 'EFMxUF', '+377 524 211 2657', 'Raphaela', 'Dhillon', '36389 Hanson Lane'),
	(503, 'mconichiedy', 'mconichiedy@typepad.com', '6WTpZ2q3R', '+62 513 562 5475', 'Mikaela', 'Conichie', '73 Lerdahl Alley'),
	(504, 'scardusdz', 'scardusdz@taobao.com', 'JsjNCq', '+86 955 175 4462', 'Shantee', 'Cardus', '2891 Superior Hill'),
	(505, 'wgriffee0', 'wgriffee0@taobao.com', '2owIbamAruUR', '+7 864 643 5000', 'Wilhelmina', 'Griffe', '3 Kim Hill'),
	(506, 'pbyshe1', 'pbyshe1@vk.com', 'SxSip9N86', '+63 128 247 7818', 'Paige', 'Bysh', '9 Melby Alley'),
	(507, 'ccastagnerie2', 'ccastagnerie2@seesaa.net', 'edd9XZoIw5', '+51 163 984 1484', 'Carolan', 'Castagneri', '64 Badeau Junction'),
	(508, 'ybrasse3', 'ybrasse3@istockphoto.com', '3OOIt0OLT', '+420 858 732 1551', 'Yale', 'Brass', '09090 Coleman Avenue'),
	(509, 'spassye4', 'spassye4@wired.com', 'nZrHMZC', '+7 802 268 8528', 'Sheffie', 'Passy', '6 Independence Plaza'),
	(510, 'mcarlesie5', 'mcarlesie5@wufoo.com', 't6FLVTFgO', '+62 560 164 7092', 'Mendy', 'Carlesi', '7425 Meadow Ridge Junction'),
	(511, 'hdomeneye6', 'hdomeneye6@indiegogo.com', 'siYdgQe0', '+86 744 643 3414', 'Helyn', 'Domeney', '2705 1st Junction'),
	(512, 'pbroxholmee7', 'pbroxholmee7@home.pl', 'VdFsoSGe3', '+62 554 855 3431', 'Percival', 'Broxholme', '3 Briar Crest Point'),
	(513, 'bgodbolte8', 'bgodbolte8@wired.com', 'xLoLsl', '+20 134 650 8587', 'Buddie', 'Godbolt', '605 Shoshone Way'),
	(514, 'ccasarinoe9', 'ccasarinoe9@unc.edu', 'CXBbJMlzDx', '+33 766 904 0440', 'Cyrill', 'Casarino', '9596 Oriole Plaza'),
	(515, 'opetrasekea', 'opetrasekea@chicagotribune.com', 'uPM5aVMsW4y', '+7 993 348 9962', 'Olivie', 'Petrasek', '1098 Mitchell Court'),
	(516, 'ndejuareseb', 'ndejuareseb@microsoft.com', 'GfR5LLGBF', '+86 918 827 0688', 'Nollie', 'de Juares', '28 Oriole Terrace'),
	(517, 'vfretterec', 'vfretterec@vistaprint.com', 'K2Ed3INPEz', '+62 481 368 9090', 'Velvet', 'Fretter', '8 Havey Place'),
	(518, 'bmcelhinneyed', 'bmcelhinneyed@hexun.com', '7dcuttK7AwqP', '+55 405 680 7192', 'Bowie', 'McElhinney', '42 Mariners Cove Trail'),
	(519, 'icristofvaoee', 'icristofvaoee@gmpg.org', '6e7ylWn', '+51 994 596 9410', 'Ibbie', 'Cristofvao', '72966 Clemons Hill'),
	(520, 'dcrumbyef', 'dcrumbyef@feedburner.com', 'wzbh22HBzPg', '+20 854 349 8062', 'Devora', 'Crumby', '07146 Ilene Street'),
	(521, 'kgroviereg', 'kgroviereg@liveinternet.ru', 'afsXurvN6o', '+62 981 161 2141', 'Kiri', 'Grovier', '1367 Waywood Pass'),
	(522, 'mbrogdeneh', 'mbrogdeneh@bloglovin.com', 'alOUEmVf', '+55 900 481 0404', 'Morley', 'Brogden', '583 Lindbergh Alley'),
	(523, 'bstollmeyerei', 'bstollmeyerei@hp.com', 'Q2Uar3qKOEUz', '+994 917 887 1348', 'Bartholomeo', 'Stollmeyer', '97012 Chive Pass'),
	(524, 'cluxfordej', 'cluxfordej@apple.com', 'ty1X7kJERkzF', '+62 851 103 1259', 'Correy', 'Luxford', '439 North Trail'),
	(525, 'hdoveek', 'hdoveek@mit.edu', 'nD7mAJ', '+242 172 746 3034', 'Herold', 'Dove', '0 East Center'),
	(526, 'jmcgrathel', 'jmcgrathel@dell.com', '4hFQL7GMq0', '+375 741 599 5154', 'Jamal', 'McGrath', '877 Gateway Point'),
	(527, 'tpinkertonem', 'tpinkertonem@sphinn.com', 'dPAD22c6', '+46 134 210 4123', 'Tammi', 'Pinkerton', '68666 Autumn Leaf Parkway'),
	(528, 'eshanklinen', 'eshanklinen@zimbio.com', '4t5gUEXOEDrK', '+63 733 608 4803', 'Elizabeth', 'Shanklin', '5 Clove Place'),
	(529, 'jmacanellyeeo', 'jmacanellyeeo@webeden.co.uk', 'erJbGmI7hx', '+62 954 853 8226', 'Joellyn', 'MacAnellye', '35962 Service Junction'),
	(530, 'bhenkenep', 'bhenkenep@latimes.com', 'XVS95tOPU', '+1 858 919 3913', 'Brennan', 'Henken', '8 Dwight Avenue'),
	(531, 'daburroweq', 'daburroweq@privacy.gov.au', 'b9lb0iCGwBY', '+63 949 466 7790', 'Dotty', 'Aburrow', '19199 Mendota Hill'),
	(532, 'aiozefovicher', 'aiozefovicher@sbwire.com', 'KtgVsPV', '+86 715 210 8200', 'Alain', 'Iozefovich', '316 Westend Pass'),
	(533, 'mmccuees', 'mmccuees@tinypic.com', 'sy08QrzL', '+62 268 879 7864', 'Margo', 'McCue', '49300 Norway Maple Point'),
	(534, 'lmacmechanet', 'lmacmechanet@google.fr', 'sExkWUgZEQl0', '+1 436 878 0744', 'Loleta', 'MacMechan', '1 Erie Alley'),
	(535, 'alambregtseu', 'alambregtseu@symantec.com', '0EdHJdON9w3', '+389 798 216 8788', 'Aldon', 'Lambregts', '35025 Talmadge Point'),
	(536, 'lsobeyev', 'lsobeyev@delicious.com', 'u1fWIN076W', '+381 354 698 1401', 'Luke', 'Sobey', '68044 Goodland Road'),
	(537, 'lshrubbew', 'lshrubbew@skype.com', 'C6lAfKZAxq', '+60 998 140 8639', 'Leroi', 'Shrubb', '05335 La Follette Hill'),
	(538, 'vkemstonex', 'vkemstonex@jugem.jp', 'kPnl2oh5z0U', '+63 305 663 4081', 'Valencia', 'Kemston', '640 Portage Court'),
	(539, 'mwandlessey', 'mwandlessey@fotki.com', 'qOsRRg4gt3F', '+254 821 980 7857', 'Misty', 'Wandless', '5583 Sunnyside Road'),
	(540, 'kteekez', 'kteekez@theglobeandmail.com', 'YlK1ZmOyXjkv', '+63 282 541 1374', 'Kerry', 'Teek', '7080 Welch Terrace'),
	(541, 'haltimasf0', 'haltimasf0@mtv.com', 'E11UuE', '+84 626 336 7810', 'Hortensia', 'Altimas', '40503 Kropf Plaza'),
	(542, 'jdunleyf1', 'jdunleyf1@economist.com', '2oNZ0fp', '+62 592 971 3310', 'Juan', 'Dunley', '69 Logan Hill'),
	(543, 'ldellf2', 'ldellf2@quantcast.com', 'EWLHo1xkKm', '+62 423 657 9323', 'Latrina', 'Dell', '65 Hagan Avenue'),
	(544, 'gmctaggartf3', 'gmctaggartf3@posterous.com', '36Am1z', '+55 647 226 3981', 'Galina', 'McTaggart', '789 Carpenter Drive'),
	(545, 'ddransfieldf4', 'ddransfieldf4@engadget.com', 'gM7UUoA', '+998 293 957 7013', 'Dominik', 'Dransfield', '359 Norway Maple Way'),
	(546, 'vnovisf5', 'vnovisf5@paginegialle.it', '0s2l3GWBG', '+421 443 449 8129', 'Vachel', 'Novis', '10196 Claremont Plaza'),
	(547, 'rcraigheadf6', 'rcraigheadf6@usa.gov', 'EhY7Rzi', '+55 965 141 1909', 'Rubia', 'Craighead', '8 Pankratz Terrace'),
	(548, 'egierekf7', 'egierekf7@blogspot.com', 'glFqBHUCUh', '+62 629 502 0114', 'Ebonee', 'Gierek', '6040 Mandrake Center'),
	(549, 'oboweringf8', 'oboweringf8@exblog.jp', 'vgbBw46tiI', '+62 998 910 7637', 'Ole', 'Bowering', '18 Armistice Trail'),
	(550, 'gmurof9', 'gmurof9@merriam-webster.com', 'ZG3339Grpw', '+7 323 864 9485', 'Gayle', 'Muro', '3861 Hansons Lane'),
	(551, 'eguillilandfa', 'eguillilandfa@slate.com', 'ZFPY4N3', '+351 899 283 9922', 'Evyn', 'Guilliland', '66 Longview Street'),
	(552, 'gpeekevoutfb', 'gpeekevoutfb@ustream.tv', 'ozocOOvRAMz', '+86 887 635 0243', 'Giusto', 'Peeke-Vout', '474 Texas Pass'),
	(553, 'hdollardfc', 'hdollardfc@house.gov', 'UAd1zik', '+1 256 389 3066', 'Horton', 'Dollard', '30 Green Ridge Hill'),
	(554, 'dhorsteadfd', 'dhorsteadfd@spiegel.de', 'CR5yvM1', '+1 866 892 7587', 'Denni', 'Horstead', '7 Old Gate Plaza'),
	(555, 'tsprottfe', 'tsprottfe@java.com', 'tkLbNqu', '+1 954 346 3417', 'Thibaud', 'Sprott', '53254 Rieder Hill'),
	(556, 'jpedrozziff', 'jpedrozziff@github.io', 'rDQRWlcU', '+51 797 682 0328', 'Jewel', 'Pedrozzi', '2313 Straubel Avenue'),
	(557, 'smatussevichfg', 'smatussevichfg@icio.us', 'kPsqYv', '+86 499 585 3004', 'Susy', 'Matussevich', '981 Vahlen Center'),
	(558, 'garmitfh', 'garmitfh@cam.ac.uk', 'qVDvWbZNOZ5', '+974 605 125 7862', 'Glen', 'Armit', '9 Briar Crest Crossing'),
	(559, 'imathelinfi', 'imathelinfi@privacy.gov.au', 'VaZXKKUZj', '+86 273 115 0932', 'Ibby', 'Mathelin', '83 Spenser Park'),
	(560, 'imattheusfj', 'imattheusfj@businessinsider.com', 'zbI0kn5', '+86 619 713 1721', 'Irvin', 'Mattheus', '7461 Sherman Terrace'),
	(561, 'drainbowfk', 'drainbowfk@addtoany.com', 'AepxEK', '+55 847 937 0156', 'Dusty', 'Rainbow', '64 Westport Hill'),
	(562, 'erobunfl', 'erobunfl@ehow.com', 'YzIGiESXHWI', '+86 443 962 9176', 'Emmeline', 'Robun', '682 Stephen Street'),
	(563, 'cmenichillofm', 'cmenichillofm@un.org', 'p5z8KApt', '+62 545 114 3788', 'Celestia', 'Menichillo', '05 Goodland Point'),
	(564, 'kadnefn', 'kadnefn@unesco.org', 'TSGynrRl7fT', '+387 761 175 3252', 'Kally', 'Adne', '2779 Clyde Gallagher Terrace'),
	(565, 'cdavidekfo', 'cdavidekfo@businessweek.com', '34B8G6TXo', '+7 289 599 9135', 'Consalve', 'Davidek', '0524 Quincy Plaza'),
	(566, 'wblurtonfp', 'wblurtonfp@shop-pro.jp', '2kMbt1kdHxX', '+7 621 608 6104', 'Webster', 'Blurton', '199 Sunnyside Avenue'),
	(567, 'jivattsfq', 'jivattsfq@xrea.com', 'NyZTFB19A', '+267 878 464 1449', 'Jelene', 'Ivatts', '8 Pawling Street'),
	(568, 'dpalmerfr', 'dpalmerfr@sitemeter.com', 'jzJYPGNkP80', '+1 328 248 7114', 'Delphinia', 'Palmer', '78 Pine View Trail'),
	(569, 'fdanielsohnfs', 'fdanielsohnfs@cbsnews.com', 'tarZ8ep40h5q', '+51 550 322 7367', 'Ferrell', 'Danielsohn', '26606 Crownhardt Pass'),
	(570, 'ezapateroft', 'ezapateroft@icq.com', 'bC07cRas', '+1 215 543 1405', 'Erroll', 'Zapatero', '58 Mariners Cove Street'),
	(571, 'ddonlonfu', 'ddonlonfu@deviantart.com', 'NfOBnYU6oXD', '+51 950 388 5205', 'Deerdre', 'Donlon', '2 Lakewood Gardens Plaza'),
	(572, 'pmcminnfv', 'pmcminnfv@usa.gov', '5aWIQuuVUqzY', '+86 659 907 2600', 'Perry', 'McMinn', '16 International Crossing'),
	(573, 'bgwinnellfw', 'bgwinnellfw@joomla.org', 'qhciEIzZ', '+51 838 957 8157', 'Bernelle', 'Gwinnell', '1235 Red Cloud Lane'),
	(574, 'llowerfx', 'llowerfx@berkeley.edu', 'GSOOMoEG', '+62 865 554 8026', 'Lyndel', 'Lower', '136 Tomscot Circle'),
	(575, 'mtheseirafy', 'mtheseirafy@uol.com.br', 'iNIDaFY', '+351 855 552 1067', 'Mayne', 'Theseira', '081 Burning Wood Crossing'),
	(576, 'bbolgerfz', 'bbolgerfz@ezinearticles.com', 'xitQ8v4', '+84 244 251 0184', 'Barrett', 'Bolger', '62283 Shelley Circle'),
	(577, 'bkuhnwaldg0', 'bkuhnwaldg0@1688.com', 'P5Hsv9U', '+218 738 349 5367', 'Bonnee', 'Kuhnwald', '4 Lillian Lane'),
	(578, 'cickovicg1', 'cickovicg1@google.com', 'ELZEwYQr44i', '+212 771 351 7450', 'Cayla', 'Ickovic', '2081 Gina Way'),
	(579, 'cmixterg2', 'cmixterg2@yahoo.co.jp', 'kDpyiuOxx12', '+351 866 197 8513', 'Cobbie', 'Mixter', '5 Vermont Center'),
	(580, 'mbortolonig3', 'mbortolonig3@bloglines.com', 'VZYyAUP4W', '+55 614 385 3920', 'Marlyn', 'Bortoloni', '4377 Hoard Junction'),
	(581, 'rchristleyg4', 'rchristleyg4@ocn.ne.jp', 'b8WC0oBT', '+7 494 157 4566', 'Rube', 'Christley', '78808 Westport Plaza'),
	(582, 'abarochg5', 'abarochg5@hao123.com', 'Ejd9CiZDQiPL', '+389 735 149 0167', 'Audy', 'Baroch', '9 Melby Street'),
	(583, 'jfullerg6', 'jfullerg6@technorati.com', '9nIGdGLYo', '+7 113 130 9933', 'Joane', 'Fuller', '56105 Loftsgordon Crossing'),
	(584, 'dmullallyg7', 'dmullallyg7@pagesperso-orange.fr', 'KS9vZYFgoQ', '+1 757 353 9235', 'Dav', 'Mullally', '0987 Morrow Drive'),
	(585, 'ekettlestringeg8', 'ekettlestringeg8@netlog.com', 'gTl4ujhl', '+993 372 810 1285', 'Emmye', 'Kettlestringe', '26 Ronald Regan Drive'),
	(586, 'jcastletineg9', 'jcastletineg9@issuu.com', 'J11apx1', '+1 302 325 0149', 'Judith', 'Castletine', '633 Grover Way'),
	(587, 'acastonga', 'acastonga@digg.com', 'B2gmRx', '+36 851 207 2200', 'Alfie', 'Caston', '2 Manufacturers Hill'),
	(588, 'kboshergb', 'kboshergb@timesonline.co.uk', 'oAgStk9Le', '+46 827 671 3064', 'Korney', 'Bosher', '24913 4th Point'),
	(589, 'bwranklinggc', 'bwranklinggc@wordpress.org', 'UiWuSttZjuun', '+86 565 406 1161', 'Brittani', 'Wrankling', '4022 Dennis Junction'),
	(590, 'cbrasongd', 'cbrasongd@simplemachines.org', 'nOolZoIxLL', '+54 467 573 8121', 'Chelsey', 'Brason', '1215 Bonner Parkway'),
	(591, 'vlampkege', 'vlampkege@nasa.gov', 'Maijn4E', '+267 901 920 9339', 'Vale', 'Lampke', '52832 Loeprich Road'),
	(592, 'pdeverillegf', 'pdeverillegf@cocolog-nifty.com', 'S6sSeH2N', '+66 248 786 5372', 'Pam', 'Deverille', '22125 Rowland Circle'),
	(593, 'dloxtongg', 'dloxtongg@vk.com', 'usMhKr', '+86 306 300 2730', 'Dix', 'Loxton', '7344 Kipling Street'),
	(594, 'mcannergh', 'mcannergh@nydailynews.com', 'vKdnXEXtqBnM', '+385 600 873 7652', 'Marco', 'Canner', '80 Porter Hill'),
	(595, 'rpochingi', 'rpochingi@va.gov', '0OAawvH1JV', '+504 610 572 4131', 'Rinaldo', 'Pochin', '03511 3rd Place'),
	(596, 'ngiorgiuttigj', 'ngiorgiuttigj@huffingtonpost.com', 'sYji9oY6A7dR', '+212 405 368 5063', 'Nancie', 'Giorgiutti', '874 Mosinee Parkway'),
	(597, 'satchlygk', 'satchlygk@amazon.com', '3Op5Ce8WdE0', '+62 962 840 7492', 'Spence', 'Atchly', '9 Fordem Avenue'),
	(598, 'jendicottgl', 'jendicottgl@drupal.org', '3htFdP0JHiYx', '+86 577 528 4628', 'Jermain', 'Endicott', '714 Saint Paul Circle'),
	(599, 'ceversleygm', 'ceversleygm@icio.us', 'mRjM5MTofg1', '+385 215 197 6628', 'Calli', 'Eversley', '1 Lawn Street'),
	(600, 'bsheavillsgn', 'bsheavillsgn@google.co.uk', 'Xoub3k', '+62 889 129 6283', 'Betteanne', 'Sheavills', '2239 Algoma Plaza'),
	(601, 'sburnyeatgo', 'sburnyeatgo@cbc.ca', 'ga91wAUdnE2', '+62 824 333 5187', 'Saunder', 'Burnyeat', '9432 Helena Crossing'),
	(602, 'rbennellgp', 'rbennellgp@nasa.gov', 'WYFZdssBWKx', '+380 607 556 2817', 'Renault', 'Bennell', '83 Rockefeller Pass'),
	(603, 'rhinschgq', 'rhinschgq@tripod.com', 'Y6kKT13oSCg', '+55 699 938 6666', 'Rustie', 'Hinsch', '85144 Declaration Lane'),
	(604, 'ccouchagr', 'ccouchagr@jigsy.com', 'u2WQcbmGJ', '+385 886 686 1643', 'Cyrille', 'Coucha', '25 Debs Trail'),
	(605, 'voriordangs', 'voriordangs@boston.com', 'FgmaDC', '+86 808 140 5916', 'Violante', 'O\'Riordan', '8733 8th Way'),
	(606, 'fvadergt', 'fvadergt@examiner.com', 'IC6AfEQwUhwQ', '+1 816 294 6954', 'Ferdinand', 'Vader', '32 Gateway Junction'),
	(607, 'cbukacgu', 'cbukacgu@umn.edu', 'VfHJHE', '+66 350 314 3107', 'Carmon', 'Bukac', '18 Loomis Hill'),
	(608, 'obowchergv', 'obowchergv@seesaa.net', 'tb7lxBVvor5', '+255 492 656 0682', 'Octavius', 'Bowcher', '31785 New Castle Junction'),
	(609, 'dpaddingtongw', 'dpaddingtongw@google.es', 'bBfkAZvsMz', '+221 492 376 0925', 'Danie', 'Paddington', '321 7th Trail'),
	(610, 'wsteetgx', 'wsteetgx@archive.org', 'kB9N3VN6f', '+420 405 322 7985', 'Wynne', 'Steet', '61 Hintze Point'),
	(611, 'gdomelgy', 'gdomelgy@mysql.com', '1S8sLvPfYE', '+55 758 740 0281', 'Gwendolyn', 'Domel', '17 Longview Court'),
	(612, 'langellgz', 'langellgz@sohu.com', 'qFZC1LcA', '+263 843 733 5540', 'Linet', 'Angell', '39 Montana Way'),
	(613, 'pgallenh0', 'pgallenh0@csmonitor.com', 'K5jRc93XYw34', '+63 695 254 2763', 'Pearl', 'Gallen', '9892 Petterle Avenue'),
	(614, 'scosgraveh1', 'scosgraveh1@opera.com', 'JqQGOB', '+60 228 329 7285', 'Shoshanna', 'Cosgrave', '06076 Center Crossing'),
	(615, 'amaharryh2', 'amaharryh2@slashdot.org', 'rpXyuQDU14i', '+86 349 902 5679', 'Annemarie', 'Maharry', '6 Monterey Place'),
	(616, 'nkitchinhamh3', 'nkitchinhamh3@indiegogo.com', 'xLrCoTkLV', '+62 913 142 5957', 'Noak', 'Kitchinham', '3 Waubesa Avenue'),
	(617, 'cgirthh4', 'cgirthh4@acquirethisname.com', 'UkywWFQL', '+48 527 473 3375', 'Corly', 'Girth', '48388 Del Sol Alley'),
	(618, 'aglossuph5', 'aglossuph5@japanpost.jp', 'GtxI4y', '+95 649 892 3126', 'Adrianne', 'Glossup', '6 Novick Hill'),
	(619, 'creideh6', 'creideh6@wikipedia.org', 'ZuVs4WN3Zj', '+46 221 817 2632', 'Carny', 'Reide', '774 Cherokee Terrace'),
	(620, 'hconanh7', 'hconanh7@nsw.gov.au', 'vMrHuFwfNQU', '+86 848 646 6380', 'Holli', 'Conan', '63 Lyons Drive'),
	(621, 'tskulleth8', 'tskulleth8@biblegateway.com', 'TV1tKkau35k', '+86 443 435 5442', 'Tad', 'Skullet', '0012 Meadow Valley Crossing'),
	(622, 'rleeburneh9', 'rleeburneh9@tuttocitta.it', 'R6MTV2klyaT', '+46 536 261 1545', 'Rebeca', 'Leeburne', '509 Cherokee Way'),
	(623, 'jgiorginiha', 'jgiorginiha@fotki.com', '5k959G6', '+212 507 940 5063', 'Jaquelin', 'Giorgini', '641 Brentwood Lane'),
	(624, 'lswornhb', 'lswornhb@amazon.de', 'rzR2wMTQm', '+46 635 372 3296', 'Lolly', 'Sworn', '3912 Brickson Park Drive'),
	(625, 'mkebbellhc', 'mkebbellhc@spiegel.de', 'MmFh4hKG', '+976 868 120 9798', 'Manfred', 'Kebbell', '0 Melby Crossing'),
	(626, 'pmalatalanthd', 'pmalatalanthd@mlb.com', 'WLWlAX', '+86 219 209 1820', 'Perry', 'Malatalant', '5863 Claremont Trail'),
	(627, 'etedahlhe', 'etedahlhe@macromedia.com', 'cU5GumvtyHcF', '+86 777 396 9032', 'Eydie', 'Tedahl', '5 Jana Street'),
	(628, 'cmollnarhf', 'cmollnarhf@desdev.cn', 'MMnLR2JVyPW', '+54 822 432 2460', 'Corliss', 'Mollnar', '16 Waxwing Park'),
	(629, 'mbalkehg', 'mbalkehg@typepad.com', 'QurtciXh', '+62 795 180 4990', 'Madelle', 'Balke', '64146 Drewry Street'),
	(630, 'vonionhh', 'vonionhh@shinystat.com', 'xfOztIvSsi', '+84 240 461 7003', 'Valdemar', 'Onion', '496 Texas Court'),
	(631, 'sklulicekhi', 'sklulicekhi@google.es', 'UFFotDei0f', '+86 380 312 3163', 'Simon', 'Klulicek', '93647 Fordem Plaza'),
	(632, 'elloydhj', 'elloydhj@cocolog-nifty.com', 'PJqMw6tbsbdF', '+351 895 539 1207', 'Elliot', 'Lloyd', '9958 Scott Way'),
	(633, 'ndasparhk', 'ndasparhk@miibeian.gov.cn', 'SBn5XbYyWV', '+86 162 784 8784', 'Nonna', 'Daspar', '20080 Bonner Way'),
	(634, 'cboytonhl', 'cboytonhl@telegraph.co.uk', 'ajq8PLnMleuM', '+86 101 477 3827', 'Christina', 'Boyton', '247 Carioca Drive'),
	(635, 'btedstonehm', 'btedstonehm@fema.gov', 'zvm6p3BlY8Yk', '+1 217 837 3928', 'Benedikt', 'Tedstone', '47 Thackeray Junction'),
	(636, 'sgiralhn', 'sgiralhn@ucoz.ru', 'TDEIRvEtQ', '+81 594 929 9631', 'Solomon', 'Giral', '3 Sunbrook Circle'),
	(637, 'ldaberho', 'ldaberho@amazon.de', 'S1yLW54i', '+63 510 545 0350', 'Laural', 'Daber', '11430 Ramsey Place'),
	(638, 'ldunstonhp', 'ldunstonhp@answers.com', 'HVoCHVbO', '+48 280 922 1239', 'Land', 'Dunston', '068 Banding Parkway'),
	(639, 'gstapleyhq', 'gstapleyhq@flickr.com', 'kBwM7M', '+55 376 966 8366', 'Griffith', 'Stapley', '63 Pankratz Drive'),
	(640, 'kdellenbrookhr', 'kdellenbrookhr@sun.com', 'TauNKBiT', '+81 907 493 7272', 'Klarrisa', 'Dellenbrook', '951 Del Mar Way'),
	(641, 'scaughtryhs', 'scaughtryhs@boston.com', 'oMhQ8mZQ', '+7 584 437 2389', 'Salvidor', 'Caughtry', '91 Dwight Road'),
	(642, 'lsharrocksht', 'lsharrocksht@psu.edu', 'ozc3j21n5', '+218 718 738 9211', 'Lisle', 'Sharrocks', '95974 Lunder Point'),
	(643, 'ghawardenhu', 'ghawardenhu@google.com.hk', 'biL70xJwS', '+81 866 449 6067', 'Gaye', 'Hawarden', '55 Hollow Ridge Terrace'),
	(644, 'jdummerhv', 'jdummerhv@constantcontact.com', 'xnP77Ce', '+63 532 412 4103', 'Jyoti', 'Dummer', '44414 Ryan Point'),
	(645, 'mcameratihw', 'mcameratihw@nsw.gov.au', 'UZqu3ZsShyj', '+1 251 995 2615', 'Mel', 'Camerati', '0853 Pankratz Road'),
	(646, 'rtorpiehx', 'rtorpiehx@google.co.jp', 'awreY15cUZkZ', '+58 980 800 1962', 'Rogerio', 'Torpie', '09300 Thompson Court'),
	(647, 'daldwickhy', 'daldwickhy@google.it', '4sopbU26Kc9', '+995 657 601 1378', 'Demetria', 'Aldwick', '83 Cambridge Circle'),
	(648, 'jnannihz', 'jnannihz@canalblog.com', 'oUpsB7Yr', '+62 949 575 9442', 'Judie', 'Nanni', '30 Shasta Terrace'),
	(649, 'lklaffi0', 'lklaffi0@cornell.edu', 'ePGKGkRav', '+216 476 838 2990', 'Lambert', 'Klaff', '0 Susan Street'),
	(650, 'ssjostromi1', 'ssjostromi1@digg.com', 'dbYIoJ', '+55 926 833 8882', 'Sella', 'Sjostrom', '5714 Brickson Park Road'),
	(651, 'dbillaniei2', 'dbillaniei2@hubpages.com', 'aqTMTZbQEDE', '+33 155 780 2428', 'Devin', 'Billanie', '4 Reinke Way'),
	(652, 'hscirmani3', 'hscirmani3@geocities.jp', 'zAHcLGpTGM5', '+86 439 695 6095', 'Honoria', 'Scirman', '1 Pierstorff Junction'),
	(653, 'sakessi4', 'sakessi4@e-recht24.de', 'w8yyP78s', '+30 448 380 8545', 'Sidney', 'Akess', '99014 Spaight Terrace'),
	(654, 'bseiteri5', 'bseiteri5@goodreads.com', 'Ahb3SM', '+7 774 639 5502', 'Billy', 'Seiter', '89348 Becker Trail'),
	(655, 'jivantyevi6', 'jivantyevi6@bigcartel.com', 'tGqlIf', '+52 400 580 2248', 'Jedidiah', 'Ivantyev', '37 Warner Parkway'),
	(656, 'lcelesi7', 'lcelesi7@netvibes.com', '62CiFVsxYg', '+57 582 790 0421', 'Levy', 'Celes', '9 Tony Plaza'),
	(657, 'ppauleyi8', 'ppauleyi8@army.mil', 'OCavyb2FU', '+95 638 201 8146', 'Peg', 'Pauley', '8 Mifflin Pass'),
	(658, 'ccaini9', 'ccaini9@cnn.com', 'ruCoxoxXQnC', '+30 650 245 1637', 'Christos', 'Cain', '2 Roth Street'),
	(659, 'koleaghamia', 'koleaghamia@ucsd.edu', 'NWXIq9Nu', '+963 647 939 9078', 'Korney', 'O\'Leagham', '766 Hoepker Way'),
	(660, 'gbelloib', 'gbelloib@mit.edu', '0KIMqYB', '+48 512 930 3148', 'Gusta', 'Bello', '31 Everett Point'),
	(661, 'dbeinkeic', 'dbeinkeic@yellowbook.com', 'bTtbxJ0', '+850 706 423 6053', 'Davine', 'Beinke', '151 Hollow Ridge Junction'),
	(662, 'tchapierid', 'tchapierid@gizmodo.com', '1dW87b2CwE5B', '+972 896 496 9883', 'Tammy', 'Chapier', '899 Lukken Way'),
	(663, 'gsumnallie', 'gsumnallie@disqus.com', 'isynCBbp', '+7 805 489 4019', 'Gideon', 'Sumnall', '775 Glacier Hill Crossing'),
	(664, 'lspittleif', 'lspittleif@google.es', 'J07If3WufjWP', '+48 563 843 2739', 'L;urette', 'Spittle', '20 Logan Plaza'),
	(665, 'ccrawshawig', 'ccrawshawig@stumbleupon.com', '8srplJ', '+420 599 647 3662', 'Carie', 'Crawshaw', '606 Main Street'),
	(666, 'ptrinkeih', 'ptrinkeih@drupal.org', '0GWxSbw2TV', '+269 972 393 2051', 'Park', 'Trinke', '8 Boyd Trail'),
	(667, 'vleggenii', 'vleggenii@lulu.com', 'fIujv2768hrA', '+234 677 512 7808', 'Virgil', 'Leggen', '3329 Oak Valley Road'),
	(668, 'tmallatrattij', 'tmallatrattij@spotify.com', 'Y0flJ8FfriiB', '+63 669 985 0840', 'Terri', 'Mallatratt', '195 Mayer Place'),
	(669, 'qdouldenik', 'qdouldenik@dell.com', 'NlOUrFIENQ', '+381 961 829 5039', 'Quintin', 'Doulden', '676 Thierer Pass'),
	(670, 'mtrowellil', 'mtrowellil@java.com', 'IyK8CAb', '+86 636 727 0820', 'Marten', 'Trowell', '60274 Pennsylvania Junction'),
	(671, 'klukesim', 'klukesim@google.de', '7DvasFev', '+380 644 895 5300', 'Karlis', 'Lukes', '84282 Carey Court'),
	(672, 'cbolzenin', 'cbolzenin@hugedomains.com', 'sl8LlnTEZeSD', '+33 579 946 3728', 'Cindie', 'Bolzen', '4719 Banding Pass'),
	(673, 'skarlowiczio', 'skarlowiczio@epa.gov', 'qywGEa9', '+62 537 425 4561', 'Sissy', 'Karlowicz', '4 Nancy Hill'),
	(674, 'steggartip', 'steggartip@about.me', 'ORRw3Tb2y', '+30 165 232 8812', 'Sid', 'Teggart', '822 Atwood Court'),
	(675, 'rblanceiq', 'rblanceiq@sakura.ne.jp', 'EtVyxK0x', '+86 725 289 6648', 'Romain', 'Blance', '2819 La Follette Terrace'),
	(676, 'enewburnir', 'enewburnir@ucsd.edu', '24xNDayN', '+358 284 593 7932', 'Errol', 'Newburn', '7 Mariners Cove Plaza'),
	(677, 'handeris', 'handeris@stumbleupon.com', 'e5bRU3mIqLb', '+86 858 588 2249', 'Humfrid', 'Ander', '301 Farragut Pass'),
	(678, 'ebarczewskiit', 'ebarczewskiit@google.com.br', 'ZvvRTewMW', '+420 363 546 5917', 'Ezri', 'Barczewski', '86922 Kinsman Lane'),
	(679, 'rivanuschkaiu', 'rivanuschkaiu@usnews.com', 'q538YyEx', '+380 890 772 8759', 'Ramsey', 'Ivanuschka', '74 Mifflin Place'),
	(680, 'ocorneiliv', 'ocorneiliv@prweb.com', 'iFptmzX6', '+223 954 286 8393', 'Obadias', 'Corneil', '483 Melvin Alley'),
	(681, 'jratleyiw', 'jratleyiw@ebay.co.uk', 'lbj26qNW', '+86 234 616 4508', 'Jayson', 'Ratley', '08 Fallview Place'),
	(682, 'jthorpix', 'jthorpix@cisco.com', 'YKuNjjl4YUc3', '+351 892 565 6847', 'Jedediah', 'Thorp', '528 Muir Lane'),
	(683, 'abullersiy', 'abullersiy@narod.ru', 'QQumrz7Q8d', '+62 117 564 1885', 'Archibold', 'Bullers', '85171 Nobel Lane'),
	(684, 'fgentzschiz', 'fgentzschiz@usatoday.com', 'LWmo3mB9e', '+351 385 707 6852', 'Fania', 'Gentzsch', '15 Dovetail Place'),
	(685, 'jcostyj0', 'jcostyj0@webs.com', 'VmeyKGQ2k', '+86 152 514 0428', 'Jenna', 'Costy', '0102 Emmet Drive'),
	(686, 'tscarrisbrickj1', 'tscarrisbrickj1@typepad.com', 'zl9O4D8B', '+84 488 495 8062', 'Tallia', 'Scarrisbrick', '5 Waxwing Place'),
	(687, 'ecouttsj2', 'ecouttsj2@naver.com', 'IYyCly', '+7 562 215 7296', 'Emma', 'Coutts', '96 Delladonna Trail'),
	(688, 'apetraitisj3', 'apetraitisj3@cargocollective.com', 'pfnVB2bosx', '+62 689 481 4740', 'Anatollo', 'Petraitis', '8 Nelson Junction'),
	(689, 'dchopinj4', 'dchopinj4@tuttocitta.it', 'hWhkCjg1Fx9', '+255 355 597 2634', 'Dougie', 'Chopin', '94899 Calypso Way'),
	(690, 'acoffeyj5', 'acoffeyj5@whitehouse.gov', 'SCmVHNNf', '+46 271 935 5235', 'Auguste', 'Coffey', '725 Pleasure Place'),
	(691, 'mmewhirterj6', 'mmewhirterj6@yolasite.com', 'pz089rz', '+351 234 326 2973', 'Mikkel', 'Mewhirter', '44 Eggendart Alley'),
	(692, 'apunchj7', 'apunchj7@networkadvertising.org', '1Y6uly5x9Q', '+48 453 962 9026', 'Ariella', 'Punch', '22475 Di Loreto Place'),
	(693, 'ajansiej8', 'ajansiej8@weibo.com', 'NE7rX7zCV', '+81 980 802 1611', 'Archambault', 'Jansie', '6 Prairieview Alley'),
	(694, 'bjanoschekj9', 'bjanoschekj9@alibaba.com', 'eEGm5MGDP', '+55 860 421 7280', 'Boot', 'Janoschek', '7484 Brown Crossing'),
	(695, 'rlarkinja', 'rlarkinja@histats.com', 'zdBdlIc', '+1 302 675 3010', 'Roberta', 'Larkin', '51 Redwing Drive'),
	(696, 'ssoulsbyjb', 'ssoulsbyjb@springer.com', 'nR8kYDbz5', '+52 247 595 5360', 'Sasha', 'Soulsby', '7 Nobel Parkway'),
	(697, 'lnormavillejc', 'lnormavillejc@1und1.de', 'FZwal6', '+7 576 444 8677', 'Libby', 'Normaville', '1585 Del Mar Drive'),
	(698, 'mdenhamjd', 'mdenhamjd@blog.com', 'OZhUdmZKoHOa', '+688 274 962 3433', 'Merl', 'Denham', '27125 Quincy Lane'),
	(699, 'mboweje', 'mboweje@whitehouse.gov', 'qXKNUIvU', '+62 316 562 6270', 'Mariska', 'Bowe', '5 Hanson Way'),
	(700, 'mhuntingfordjf', 'mhuntingfordjf@cyberchimps.com', '6a7tUd5oJWdL', '+81 852 572 9975', 'Mattias', 'Huntingford', '638 La Follette Circle'),
	(701, 'sgricewoodjg', 'sgricewoodjg@chronoengine.com', 'hwUsCUm', '+98 223 872 1463', 'Suzanne', 'Gricewood', '275 Barby Crossing'),
	(702, 'mmcwhinjh', 'mmcwhinjh@java.com', 'OfUyo9TIRo', '+33 625 148 2432', 'Mikael', 'McWhin', '6209 Towne Court'),
	(703, 'bpesterji', 'bpesterji@mashable.com', 'yo3pu9hct2J', '+53 941 269 0149', 'Blondell', 'Pester', '160 Duke Terrace'),
	(704, 'mcrippelljj', 'mcrippelljj@addthis.com', 'F5f2ltW3TP0M', '+62 990 630 0550', 'Merridie', 'Crippell', '738 Bellgrove Hill'),
	(705, 'jmoenjk', 'jmoenjk@msn.com', 'RlPlKSs', '+57 923 200 6873', 'Jackson', 'Moen', '5 Packers Way'),
	(706, 'cbelvinjl', 'cbelvinjl@tmall.com', 'wffyzb', '+33 489 120 7540', 'Chrysler', 'Belvin', '8 Barnett Circle'),
	(707, 'nkempjm', 'nkempjm@rediff.com', 'RK9XW5DGotf', '+86 300 760 0691', 'North', 'Kemp', '5581 Division Court'),
	(708, 'wetheridgejn', 'wetheridgejn@latimes.com', 'DW5Le1sfb', '+7 770 383 7105', 'Wes', 'Etheridge', '3 Rigney Junction'),
	(709, 'bgrievesonjo', 'bgrievesonjo@walmart.com', 'LuRrPIq', '+92 399 150 0480', 'Bourke', 'Grieveson', '1 Dennis Junction'),
	(710, 'dlundjp', 'dlundjp@ning.com', 'GC9KNSlJjNE', '+27 567 154 4824', 'Dalton', 'Lund', '90935 Calypso Terrace'),
	(711, 'hcruxjq', 'hcruxjq@smh.com.au', 'NfXojt9q', '+52 967 255 3631', 'Hamil', 'Crux', '666 Glendale Junction'),
	(712, 'edahlmanjr', 'edahlmanjr@nasa.gov', 'QjddVMj7GX1S', '+58 804 163 9112', 'Eadith', 'Dahlman', '8724 Hauk Road'),
	(713, 'nscoularjs', 'nscoularjs@chicagotribune.com', 'R61rZdvURH8', '+593 148 587 7300', 'Neal', 'Scoular', '67838 Blue Bill Park Center'),
	(714, 'rarnelljt', 'rarnelljt@bizjournals.com', 'jwLsiX08', '+1 402 165 0104', 'Raf', 'Arnell', '758 Reindahl Circle'),
	(715, 'lsiggeeju', 'lsiggeeju@xrea.com', 'zcvuUe5Q', '+86 908 693 0778', 'Lesya', 'Siggee', '3 Sommers Junction'),
	(716, 'rmarriagejv', 'rmarriagejv@sphinn.com', 'ScUP39lNJYIo', '+1 562 170 1225', 'Rainer', 'Marriage', '200 Lakewood Circle'),
	(717, 'mebdinjw', 'mebdinjw@apache.org', 'FRy0La', '+55 394 416 1802', 'Morgana', 'Ebdin', '6 Buena Vista Street'),
	(718, 'tbedburrowjx', 'tbedburrowjx@skyrock.com', 'ELjgEQ5W3h', '+51 717 188 6000', 'Tamera', 'Bedburrow', '02 Dwight Center'),
	(719, 'cokieltjy', 'cokieltjy@blog.com', 'vIgMjmCgdB8', '+62 970 415 5087', 'Carce', 'O\'Kielt', '5600 Macpherson Lane'),
	(720, 'gfolijz', 'gfolijz@cdc.gov', 'VnWfHwC5emHH', '+86 353 296 8405', 'Gary', 'Foli', '4 Hauk Alley'),
	(721, 'kheynelk0', 'kheynelk0@pagesperso-orange.fr', 'VPfVbN1TjCq', '+62 883 966 5277', 'Kaylil', 'Heynel', '030 Spenser Lane'),
	(722, 'ztrenholmk1', 'ztrenholmk1@illinois.edu', 'L3BO33H', '+57 164 784 2970', 'Zoe', 'Trenholm', '019 Huxley Trail'),
	(723, 'eedsallk2', 'eedsallk2@gizmodo.com', 'TfW7w4IIOc', '+86 199 990 0038', 'Ericha', 'Edsall', '5 Lindbergh Junction'),
	(724, 'kpescodk3', 'kpescodk3@ameblo.jp', '6epVh41', '+86 606 442 1554', 'Kati', 'Pescod', '81620 Glendale Park'),
	(725, 'wboyerk4', 'wboyerk4@chicagotribune.com', '5eeLtBUxyO', '+386 895 481 1274', 'Wenonah', 'Boyer', '3 Roxbury Park'),
	(726, 'rgariek5', 'rgariek5@ed.gov', 'ea35rE7pyGuc', '+86 187 788 5783', 'Robena', 'Garie', '08604 Springview Crossing'),
	(727, 'zthundermank6', 'zthundermank6@intel.com', 'QUPBegty4q', '+62 341 436 3149', 'Zacharia', 'Thunderman', '2616 Thierer Avenue'),
	(728, 'sallwardk7', 'sallwardk7@miibeian.gov.cn', 'RF0LRG7', '+62 151 759 1838', 'Sheelah', 'Allward', '4 6th Parkway'),
	(729, 'hmanuaudk8', 'hmanuaudk8@nationalgeographic.com', 'ojNPXTy6W', '+86 869 685 4090', 'Henriette', 'Manuaud', '55 Springs Junction'),
	(730, 'btumak9', 'btumak9@bizjournals.com', 'uvcH6X4', '+54 269 622 3755', 'Bent', 'Tuma', '0 Dayton Terrace'),
	(731, 'torhrtka', 'torhrtka@shop-pro.jp', 'pvVzkCowZ2', '+1 608 293 2762', 'Thomasina', 'Orhrt', '305 Sommers Plaza'),
	(732, 'llengthornkb', 'llengthornkb@imdb.com', 'WymC9Mh0', '+504 343 956 7462', 'Lexy', 'Lengthorn', '43628 Luster Parkway'),
	(733, 'fmazzillikc', 'fmazzillikc@about.me', 'jHi9Zy3', '+55 990 372 4108', 'Florentia', 'Mazzilli', '84 Fordem Lane'),
	(734, 'sclaraekd', 'sclaraekd@google.cn', 'Ou7QzUt6vQE', '+33 103 385 4887', 'Selina', 'Clarae', '0050 Aberg Junction'),
	(735, 'bsnodayke', 'bsnodayke@google.pl', 'mxIPjXOIId', '+7 212 205 1079', 'Boony', 'Snoday', '99 Onsgard Crossing'),
	(736, 'tmcduffkf', 'tmcduffkf@oracle.com', 'IOt2wTC1Jsm7', '+33 589 499 0446', 'Travis', 'McDuff', '5 Pleasure Terrace'),
	(737, 'tsaintsburykg', 'tsaintsburykg@wunderground.com', 'ZWSxFyysM', '+62 396 543 5603', 'Tammara', 'Saintsbury', '51063 Ridgeview Point'),
	(738, 'mbolliverkh', 'mbolliverkh@apache.org', 'oGt2nt', '+7 897 298 9508', 'Myrah', 'Bolliver', '4853 Daystar Way'),
	(739, 'deveralki', 'deveralki@tinyurl.com', '4SACcC', '+55 705 851 8987', 'Dagny', 'Everal', '82987 Esker Way'),
	(740, 'gclaricoatskj', 'gclaricoatskj@opensource.org', 'S0uSCE3Jo8MF', '+86 419 569 6940', 'Gerhardine', 'Claricoats', '2 Prairieview Trail'),
	(741, 'eibarrakk', 'eibarrakk@fastcompany.com', 'U9uARwlJpS', '+62 395 843 8049', 'Evangelin', 'Ibarra', '5827 Warner Court'),
	(742, 'hmcginnellkl', 'hmcginnellkl@ebay.co.uk', 'jC8F8p', '+55 878 345 8356', 'Holly-anne', 'McGinnell', '129 Hovde Parkway'),
	(743, 'cbaumberkm', 'cbaumberkm@google.it', 'nEyieOkhidp', '+51 826 451 0774', 'Consolata', 'Baumber', '16 Redwing Pass'),
	(744, 'smaccaughankn', 'smaccaughankn@ycombinator.com', '3ixzRpqjRr', '+86 393 774 3596', 'Sergeant', 'MacCaughan', '8 Columbus Terrace'),
	(745, 'clomisko', 'clomisko@friendfeed.com', 'em9S0vI', '+244 503 946 7927', 'Charlene', 'Lomis', '980 Thierer Alley'),
	(746, 'rhalledaykp', 'rhalledaykp@opensource.org', '217VUXE', '+86 978 129 9438', 'Rochell', 'Halleday', '262 Mcguire Court'),
	(747, 'erushmarekq', 'erushmarekq@princeton.edu', 'VF1EsOEU', '+33 638 730 6042', 'Elise', 'Rushmare', '6040 Alpine Junction'),
	(748, 'ifraynkr', 'ifraynkr@washington.edu', 'xE52en8qS', '+63 381 431 0223', 'Iosep', 'Frayn', '38 Veith Park'),
	(749, 'rdustks', 'rdustks@tripod.com', 'eQazCfCyhf', '+86 889 598 6903', 'Rodrigo', 'Dust', '76 Mallory Lane'),
	(750, 'iscullinkt', 'iscullinkt@guardian.co.uk', 'zggj3eN', '+62 182 497 1140', 'Iona', 'Scullin', '0734 Hallows Point'),
	(751, 'kiacominiku', 'kiacominiku@businesswire.com', 'waNb9qogZV0', '+86 252 192 6369', 'Kahlil', 'Iacomini', '252 Drewry Crossing'),
	(752, 'ahampkv', 'ahampkv@examiner.com', 'COiii7kSQGr0', '+63 583 995 5048', 'Amie', 'Hamp', '12305 Knutson Point'),
	(753, 'agoodridgekw', 'agoodridgekw@linkedin.com', 'sZguHmquT3db', '+86 388 914 7315', 'Averell', 'Goodridge', '174 Meadow Ridge Lane'),
	(754, 'mbaalhamkx', 'mbaalhamkx@webnode.com', 'm6pe51utNKAg', '+46 296 277 4775', 'Moore', 'Baalham', '74717 Division Hill'),
	(755, 'ncharteky', 'ncharteky@whitehouse.gov', 'Tubz2f', '+351 800 810 7703', 'Nolly', 'Charte', '5206 Hanson Alley'),
	(756, 'dpetrellikz', 'dpetrellikz@4shared.com', 'YHh0S0F', '+375 757 578 5361', 'Dew', 'Petrelli', '9143 Chinook Center'),
	(757, 'ksimmsl0', 'ksimmsl0@vk.com', 'yqS9TuK', '+998 295 864 0278', 'Karla', 'Simms', '45 Burrows Junction'),
	(758, 'mhabletl1', 'mhabletl1@go.com', 'YE726Me', '+58 885 129 5441', 'Margarita', 'Hablet', '869 Dayton Court'),
	(759, 'dkingslyl2', 'dkingslyl2@admin.ch', 'f4vx9aW', '+46 570 418 4048', 'Dara', 'Kingsly', '2 David Terrace'),
	(760, 'lthoresbyl3', 'lthoresbyl3@yellowbook.com', 'AMXF6iKA3lK', '+235 459 873 1823', 'Lissi', 'Thoresby', '72 Jenna Plaza'),
	(761, 'mtruslerl4', 'mtruslerl4@networkadvertising.org', 'KCZZtuN7ZPzp', '+222 769 605 8441', 'Marylin', 'Trusler', '033 Amoth Circle'),
	(762, 'wcicuttol5', 'wcicuttol5@google.pl', 'NkSAIp', '+371 548 713 9107', 'Winnifred', 'Cicutto', '41 Meadow Ridge Street'),
	(763, 'atallantl6', 'atallantl6@reuters.com', '3cGUehvr4lG', '+51 213 210 5489', 'Aridatha', 'Tallant', '58 Cascade Lane'),
	(764, 'hrankenl7', 'hrankenl7@boston.com', 'VmJtyPnzUAi', '+1 614 332 0635', 'Huberto', 'Ranken', '4 Sullivan Place'),
	(765, 'bdreakinl8', 'bdreakinl8@fc2.com', 'Ui0YjJWk7', '+1 858 542 3834', 'Baudoin', 'Dreakin', '74 Stoughton Parkway'),
	(766, 'raxupl9', 'raxupl9@wikia.com', 'BeOAYLHZ', '+63 679 102 6477', 'Ruy', 'Axup', '04915 Grover Street'),
	(767, 'fvanhesterenla', 'fvanhesterenla@list-manage.com', 'i9Mwyhd5sdLq', '+62 944 194 7143', 'Fay', 'Van Hesteren', '06 Vidon Street'),
	(768, 'lcubittlb', 'lcubittlb@simplemachines.org', 'FHPCXC', '+86 184 257 8791', 'Lyman', 'Cubitt', '509 Petterle Alley'),
	(769, 'ckaineslc', 'ckaineslc@virginia.edu', 'BwJovLaI', '+51 641 485 6936', 'Carey', 'Kaines', '717 Clarendon Drive'),
	(770, 'bmoppettld', 'bmoppettld@ucla.edu', '8C7zxIP', '+57 702 115 9346', 'Brook', 'Moppett', '557 Eastlawn Court'),
	(771, 'pthalmannle', 'pthalmannle@studiopress.com', '3w2PjrSZU6p7', '+46 980 187 3552', 'Pavia', 'Thalmann', '597 Orin Circle'),
	(772, 'drandlesonlf', 'drandlesonlf@yahoo.co.jp', 'WJqafRmZd5i', '+374 940 546 3144', 'Dinnie', 'Randleson', '9 Acker Circle'),
	(773, 'rmeehanlg', 'rmeehanlg@admin.ch', 'wLvQ9mxF', '+84 788 876 4714', 'Rayner', 'Meehan', '8670 Pennsylvania Circle'),
	(774, 'dmussingtonlh', 'dmussingtonlh@wired.com', 'yTK97Hnbj', '+381 888 942 3751', 'Doroteya', 'Mussington', '0 Weeping Birch Parkway'),
	(775, 'mriccioppoli', 'mriccioppoli@umich.edu', '0iLgvGSFjaLH', '+86 160 932 6415', 'Marieann', 'Riccioppo', '479 Paget Point'),
	(776, 'ebuzinelj', 'ebuzinelj@hp.com', '1sBr4e', '+62 712 400 1791', 'Eric', 'Buzine', '9273 Johnson Parkway'),
	(777, 'hgrzegoreckilk', 'hgrzegoreckilk@hc360.com', 'tQY8G1I', '+62 843 433 2829', 'Hazel', 'Grzegorecki', '8620 Lien Crossing'),
	(778, 'dellensll', 'dellensll@whitehouse.gov', 'EqX2Oqc', '+1 327 493 4355', 'Daphne', 'Ellens', '40 Carioca Trail'),
	(779, 'dcovetlm', 'dcovetlm@howstuffworks.com', 'Of3bce', '+62 163 861 1532', 'Dee dee', 'Covet', '69 Sachs Center'),
	(780, 'laldieln', 'laldieln@bloglines.com', '3LfdP6DNvVv', '+81 480 325 9994', 'Laural', 'Aldie', '878 Haas Way'),
	(781, 'spaulazzilo', 'spaulazzilo@umich.edu', '0tBZ3VrX', '+62 723 495 1451', 'Shanan', 'Paulazzi', '52 Johnson Terrace'),
	(782, 'acullingtonlp', 'acullingtonlp@infoseek.co.jp', 'kSCGS7v3', '+33 102 893 5538', 'Adelice', 'Cullington', '93 Porter Parkway'),
	(783, 'nskinglelq', 'nskinglelq@jiathis.com', 'hMDYBATzhwn', '+380 226 604 6688', 'Natividad', 'Skingle', '7 Garrison Trail'),
	(784, 'rreadheadlr', 'rreadheadlr@state.tx.us', 'ug3Bcb8', '+52 419 522 3021', 'Rooney', 'Readhead', '55 Warrior Place'),
	(785, 'rthurbornls', 'rthurbornls@hibu.com', 'AEI5dtl', '+244 190 575 7196', 'Ring', 'Thurborn', '0979 Vernon Pass'),
	(786, 'ktumbridgelt', 'ktumbridgelt@yandex.ru', 'Na6jCWSPupv2', '+351 115 504 4098', 'Kathleen', 'Tumbridge', '647 Jenifer Drive'),
	(787, 'kchazellelu', 'kchazellelu@bluehost.com', 'gzJrGDb6F96', '+62 558 507 3647', 'Kerry', 'Chazelle', '2555 Grim Street'),
	(788, 'mwoodfinlv', 'mwoodfinlv@cloudflare.com', 'XcPPdcYOtebT', '+62 243 722 7885', 'Michele', 'Woodfin', '59153 Cody Circle'),
	(789, 'nbonomelw', 'nbonomelw@ustream.tv', '4HgerLKG2hJV', '+86 409 780 7372', 'Natassia', 'Bonome', '1305 Manufacturers Alley'),
	(790, 'akingsburylx', 'akingsburylx@cnet.com', 'EqMQZgtKWj', '+52 897 510 5668', 'Alanah', 'Kingsbury', '9785 Stuart Pass'),
	(791, 'rdmitrly', 'rdmitrly@posterous.com', '94RFFwblQUb', '+965 349 317 6978', 'Randene', 'Dmitr', '5395 Buhler Parkway'),
	(792, 'mchestertonlz', 'mchestertonlz@ask.com', 'mxWJkYivPX2p', '+86 992 598 5990', 'Meridel', 'Chesterton', '65155 Dapin Park'),
	(793, 'dbrandm0', 'dbrandm0@china.com.cn', 'Zfx2xeV', '+55 815 141 6106', 'Dante', 'Brand', '2 Roxbury Hill'),
	(794, 'slillem1', 'slillem1@list-manage.com', 'roH3b2', '+7 610 345 8198', 'Shandra', 'Lille', '3 Mccormick Court'),
	(795, 'djohansenm2', 'djohansenm2@howstuffworks.com', 'gxTV4iS0', '+7 437 438 9362', 'Darryl', 'Johansen', '5859 Farwell Park'),
	(796, 'crosomanm3', 'crosomanm3@ucsd.edu', 'YQbdfOzD8', '+62 643 956 0886', 'Cointon', 'Rosoman', '3 Straubel Plaza'),
	(797, 'upohlingm4', 'upohlingm4@nifty.com', 'KZZJsaZ', '+7 940 343 0659', 'Umeko', 'Pohling', '6 Thompson Park'),
	(798, 'sdovem5', 'sdovem5@wiley.com', 'wcOjQxGcMgm', '+46 730 588 2852', 'Stacie', 'Dove', '30 Mallory Plaza'),
	(799, 'abernthm6', 'abernthm6@cbsnews.com', 'PB91i5iJynOa', '+86 697 240 5934', 'Alverta', 'Bernth', '1159 Summit Pass'),
	(800, 'keisikovitshm7', 'keisikovitshm7@webs.com', 'mDlycTpe', '+351 865 160 0631', 'Kai', 'Eisikovitsh', '5407 Summer Ridge Trail'),
	(801, 'mmattinm8', 'mmattinm8@blogs.com', '24odPQwuhq', '+48 108 328 9360', 'Maurice', 'Mattin', '0 Delaware Crossing'),
	(802, 'dnolinm9', 'dnolinm9@cocolog-nifty.com', 'rlapfLQkk', '+86 319 182 8679', 'Donny', 'Nolin', '01 Dayton Street'),
	(803, 'spalluschekma', 'spalluschekma@reddit.com', 'Aby9VoZ56', '+505 456 973 8738', 'Shea', 'Palluschek', '1 Schmedeman Way'),
	(804, 'dsighartmb', 'dsighartmb@wunderground.com', 'V8ADhU1', '+62 605 690 3454', 'Dita', 'Sighart', '7227 Novick Parkway'),
	(805, 'cmorrellmc', 'cmorrellmc@umich.edu', '3IVKsiq', '+86 685 345 7208', 'Chelsie', 'Morrell', '36278 Rusk Street'),
	(806, 'thammonmd', 'thammonmd@live.com', '7NPFF7nNKGX', '+225 398 114 1955', 'Thoma', 'Hammon', '147 Veith Alley'),
	(807, 'chindgeme', 'chindgeme@answers.com', '4zuW1m', '+27 532 211 7970', 'Chester', 'Hindge', '5727 Dahle Way'),
	(808, 'vcutressmf', 'vcutressmf@alexa.com', 'EXMdWO', '+249 930 492 0878', 'Valina', 'Cutress', '9078 Porter Pass'),
	(809, 'bseegermg', 'bseegermg@nifty.com', 'MdsIi9', '+30 803 914 4499', 'Britney', 'Seeger', '92 Carey Alley'),
	(810, 'kpedycanmh', 'kpedycanmh@hugedomains.com', 'ol1nuaGA', '+86 662 651 0396', 'Kristyn', 'Pedycan', '19 Barnett Crossing'),
	(811, 'kyarnmi', 'kyarnmi@mayoclinic.com', 'yRQBv2y', '+86 985 427 9433', 'Katey', 'Yarn', '37778 Jay Park'),
	(812, 'valdhousmj', 'valdhousmj@list-manage.com', 'TAyWOSR7', '+86 674 117 4034', 'Vinnie', 'Aldhous', '3476 Summerview Trail'),
	(813, 'shendrixmk', 'shendrixmk@bbb.org', 'aAY9eUACKUi', '+81 135 611 6940', 'Skippie', 'Hendrix', '4183 Mccormick Avenue'),
	(814, 'amenichelliml', 'amenichelliml@is.gd', 'GpDhQM1azfel', '+33 289 840 9800', 'Alick', 'Menichelli', '51 Declaration Center'),
	(815, 'ewildboremm', 'ewildboremm@illinois.edu', '1m7H2dz2', '+55 920 517 0139', 'Ellen', 'Wildbore', '9681 Laurel Avenue'),
	(816, 'rlanfearmn', 'rlanfearmn@pen.io', 'KbBkAZE1iL', '+86 473 751 5300', 'Roze', 'Lanfear', '97 Maywood Parkway'),
	(817, 'jwifflermo', 'jwifflermo@youtu.be', 'OHWMgJR8', '+1 712 141 5185', 'Janeva', 'Wiffler', '703 Quincy Trail'),
	(818, 'vmonkleighmp', 'vmonkleighmp@nifty.com', '1q6YlSk8E5', '+62 388 694 2973', 'Vale', 'Monkleigh', '2753 Johnson Street'),
	(819, 'eoverillmq', 'eoverillmq@abc.net.au', 'B7NFwIo', '+380 298 541 3000', 'Evaleen', 'Overill', '6 Hoard Terrace'),
	(820, 'ncaldecourtmr', 'ncaldecourtmr@ftc.gov', 'Rfo70aUf3E', '+420 805 871 7989', 'Nichols', 'Caldecourt', '6 Meadow Valley Place'),
	(821, 'vwonesms', 'vwonesms@dailymail.co.uk', 'fgOVYYn3', '+57 597 682 7277', 'Vivyan', 'Wones', '93832 Meadow Vale Pass'),
	(822, 'ispriggenmt', 'ispriggenmt@examiner.com', 'MhlfPp', '+86 251 764 6216', 'Ingram', 'Spriggen', '8 Kenwood Street'),
	(823, 'eludymu', 'eludymu@aboutads.info', 'FjNRnXs', '+81 146 784 0875', 'Essy', 'Ludy', '02 Scofield Parkway'),
	(824, 'bgeggiemv', 'bgeggiemv@who.int', 'Cw7ceiG0TbE', '+504 607 829 2106', 'Bess', 'Geggie', '27 Norway Maple Terrace'),
	(825, 'cterneymw', 'cterneymw@photobucket.com', 'V5dz5p7iasux', '+55 502 430 6877', 'Corabelle', 'Terney', '39 Delladonna Terrace'),
	(826, 'jpetrovykhmx', 'jpetrovykhmx@illinois.edu', 'nShDzh', '+263 572 728 2139', 'Joseph', 'Petrovykh', '22187 Browning Alley'),
	(827, 'nellikermy', 'nellikermy@amazon.com', '43V9uepinmXp', '+64 751 117 8386', 'Niles', 'Elliker', '2601 Knutson Crossing'),
	(828, 'rbriddenmz', 'rbriddenmz@facebook.com', 'kqXU8Y2vQ1LM', '+1 310 130 8032', 'Ragnar', 'Bridden', '74021 Waxwing Place'),
	(829, 'cdimmern0', 'cdimmern0@friendfeed.com', 'wX0mEgD', '+30 152 486 3956', 'Corey', 'Dimmer', '97489 Buell Lane'),
	(830, 'tkatten1', 'tkatten1@cmu.edu', 'BCUGs0KoBg', '+381 615 365 3998', 'Theodoric', 'Katte', '8908 Rowland Hill'),
	(831, 'dhearsumn2', 'dhearsumn2@amazon.co.uk', 'wSOIqsHS', '+299 126 327 5930', 'Dev', 'Hearsum', '127 Express Crossing'),
	(832, 'nivashinnikovn3', 'nivashinnikovn3@squidoo.com', 'AR7r7GB3KJn', '+62 803 607 2869', 'Nonna', 'Ivashinnikov', '17494 Dryden Drive'),
	(833, 'ashieldonn4', 'ashieldonn4@wired.com', 'RWEKuk', '+86 435 370 8176', 'Abramo', 'Shieldon', '57 Everett Lane'),
	(834, 'minnesn5', 'minnesn5@pinterest.com', 'KRXUF3mTF6n', '+359 855 153 1730', 'Merrilee', 'Innes', '2255 Sundown Road'),
	(835, 'spawnsfordn6', 'spawnsfordn6@lycos.com', 'k1qHTA', '+55 283 872 4423', 'Simonette', 'Pawnsford', '016 Thackeray Circle'),
	(836, 'bconnerlyn7', 'bconnerlyn7@desdev.cn', 'Q6mmzZZHBwA', '+86 776 456 2827', 'Belva', 'Connerly', '987 Michigan Court'),
	(837, 'cbeedien8', 'cbeedien8@nyu.edu', 'agHJWL4ohdr4', '+55 793 844 6404', 'Corby', 'Beedie', '5 3rd Plaza'),
	(838, 'mjestecon9', 'mjestecon9@desdev.cn', 'EEeucFPii1', '+7 934 664 2442', 'Morganica', 'Jesteco', '4 Cambridge Pass'),
	(839, 'fserckna', 'fserckna@sitemeter.com', 'Onar5m2W1', '+86 743 929 6564', 'Freda', 'Serck', '63686 Morning Junction'),
	(840, 'nhiddsleynb', 'nhiddsleynb@reverbnation.com', 'fkZMHmZtNKx5', '+63 898 152 1003', 'Nola', 'Hiddsley', '206 Nelson Plaza'),
	(841, 'bmassonnc', 'bmassonnc@elpais.com', 's5AVgyF1O47M', '+62 303 561 6988', 'Benton', 'Masson', '2 Briar Crest Park'),
	(842, 'amcwilliamsnd', 'amcwilliamsnd@hp.com', 'HbLYuDs', '+380 752 196 2320', 'Anetta', 'McWilliams', '4516 Macpherson Circle'),
	(843, 'sgrimmerne', 'sgrimmerne@homestead.com', 'rHH69m2', '+46 762 852 4164', 'Selene', 'Grimmer', '39 Debs Terrace'),
	(844, 'blivesaynf', 'blivesaynf@microsoft.com', 'qzBSjlwpFj', '+86 559 920 6843', 'Barbabra', 'Livesay', '82561 Parkside Point'),
	(845, 'mheaslyng', 'mheaslyng@boston.com', 'fvw8VbSc', '+86 958 183 3526', 'Marcella', 'Heasly', '7302 Gerald Trail'),
	(846, 'cdeeprosenh', 'cdeeprosenh@icq.com', 'Nvz3sox3ZR5', '+55 766 810 7904', 'Conroy', 'Deeprose', '722 Graedel Point'),
	(847, 'snowillni', 'snowillni@myspace.com', '1Nel2FPSz3y', '+86 632 943 3252', 'Selle', 'Nowill', '69398 Coolidge Plaza'),
	(848, 'acosternj', 'acosternj@ow.ly', 'MEBrtYrs', '+506 568 834 1474', 'Alano', 'Coster', '988 Dunning Junction'),
	(849, 'cpleasantsnk', 'cpleasantsnk@jigsy.com', 'q1P4ZT50HDQk', '+54 925 227 8110', 'Cinnamon', 'Pleasants', '8 Dawn Alley'),
	(850, 'fantalffynl', 'fantalffynl@rakuten.co.jp', '0t8reS', '+86 715 534 1932', 'Francoise', 'Antalffy', '9841 Steensland Place'),
	(851, 'rwingarnm', 'rwingarnm@google.com.au', 'PHqufXv4bsao', '+33 875 298 4356', 'Ruthanne', 'Wingar', '88 Esker Way'),
	(852, 'cgrandnn', 'cgrandnn@qq.com', 'ToYx8Vn', '+420 399 464 6108', 'Cassi', 'Grand', '9 Sachs Junction'),
	(853, 'dlintotno', 'dlintotno@japanpost.jp', 'C3RlNZYHt', '+86 187 643 3192', 'Daven', 'Lintot', '1307 Katie Parkway'),
	(854, 'jmcboylenp', 'jmcboylenp@sciencedaily.com', 'MDIH0DWdxT', '+62 461 929 0321', 'Joell', 'McBoyle', '47194 Bashford Crossing'),
	(855, 'gbillyardnq', 'gbillyardnq@cbc.ca', 'hk8NIx', '+880 306 702 5534', 'Genevieve', 'Billyard', '93202 Straubel Trail'),
	(856, 'ngarlicknr', 'ngarlicknr@umn.edu', 'X7b5bQb1P', '+62 468 396 9290', 'Nickey', 'Garlick', '7 Lerdahl Pass'),
	(857, 'hgolsthorpns', 'hgolsthorpns@dailymail.co.uk', 'XZ2rmEQIq', '+62 438 219 5446', 'Harmon', 'Golsthorp', '3421 Prairieview Place'),
	(858, 'cmartinetsnt', 'cmartinetsnt@linkedin.com', 'qNyptwbRT', '+46 406 670 0487', 'Chase', 'Martinets', '20 Forest Court'),
	(859, 'csoutherillnu', 'csoutherillnu@house.gov', 'L7CdVbANncV', '+232 511 118 6141', 'Caresse', 'Southerill', '1492 Sutteridge Court'),
	(860, 'gbezarranv', 'gbezarranv@amazon.co.jp', 'WApxS81Fh', '+1 423 403 4301', 'Giffard', 'Bezarra', '53800 Doe Crossing Park'),
	(861, 'dduberynw', 'dduberynw@sohu.com', '7f8jTFg', '+371 648 656 2890', 'Donelle', 'Dubery', '59250 Grim Pass'),
	(862, 'yhaycoxnx', 'yhaycoxnx@zimbio.com', 'O9X9TeJaBCl', '+692 471 125 1072', 'Yurik', 'Haycox', '2 Mayer Point'),
	(863, 'ppeakny', 'ppeakny@nbcnews.com', '2L4agpnAfUe', '+234 897 228 8119', 'Patin', 'Peak', '4243 Green Ridge Crossing'),
	(864, 'khoffnernz', 'khoffnernz@merriam-webster.com', 'OY158CL', '+880 712 160 0769', 'Kalle', 'Hoffner', '67 Debra Lane'),
	(865, 'aprobettso0', 'aprobettso0@reuters.com', 'qyMpxMYWsO', '+381 306 807 1067', 'Aggi', 'Probetts', '5446 Village Street'),
	(866, 'lthurgoodo1', 'lthurgoodo1@berkeley.edu', 'ug7LtvmDOgOo', '+86 140 561 8408', 'Lisette', 'Thurgood', '9 Columbus Park'),
	(867, 'bgerrito2', 'bgerrito2@is.gd', 'BbuBrqZud', '+48 672 517 5411', 'Barbra', 'Gerrit', '81995 Ronald Regan Avenue'),
	(868, 'mcarberryo3', 'mcarberryo3@paginegialle.it', 'CCtegjI', '+54 654 489 0248', 'Marthe', 'Carberry', '5740 Little Fleur Crossing'),
	(869, 'scoatswortho4', 'scoatswortho4@intel.com', 'GP9tP9Vw5Dg', '+46 996 445 3628', 'Stephi', 'Coatsworth', '9 Tomscot Way'),
	(870, 'dlembricko5', 'dlembricko5@123-reg.co.uk', '9hyW2InVZN', '+63 945 637 8297', 'Danyelle', 'Lembrick', '18 Green Terrace'),
	(871, 'sobradaneo6', 'sobradaneo6@businessinsider.com', 'nCpJdHuBK', '+48 957 275 2510', 'Stanislaus', 'O\'Bradane', '8611 Butterfield Trail'),
	(872, 'sturrillo7', 'sturrillo7@buzzfeed.com', '7Ng0x2zO', '+55 951 919 4292', 'Sean', 'Turrill', '7 Continental Street'),
	(873, 'mtrudgiano8', 'mtrudgiano8@toplist.cz', '5ro0xz', '+380 347 889 2060', 'Myrtie', 'Trudgian', '098 Dwight Crossing'),
	(874, 'mwingeato9', 'mwingeato9@constantcontact.com', '7dXxiOm', '+48 375 581 4193', 'Marya', 'Wingeat', '1982 Dakota Avenue'),
	(875, 'kpesseloa', 'kpesseloa@bbc.co.uk', 'TQKhkx18ZrWi', '+1 169 365 0406', 'Karalynn', 'Pessel', '29 Logan Avenue'),
	(876, 'mdavisob', 'mdavisob@nba.com', 'giZGR2c', '+86 222 603 0272', 'Marc', 'Davis', '5 Kipling Road'),
	(877, 'mcheyneyoc', 'mcheyneyoc@examiner.com', 'sgjiZqaz3wFL', '+855 906 442 6620', 'Maren', 'Cheyney', '44441 Almo Court'),
	(878, 'dscawnod', 'dscawnod@biblegateway.com', 'gxf99MgNuWHv', '+82 387 459 2806', 'Darrick', 'Scawn', '504 Fordem Alley'),
	(879, 'nweardenoe', 'nweardenoe@topsy.com', '72dUut0RFz', '+7 706 259 3778', 'Normie', 'Wearden', '346 Thompson Plaza'),
	(880, 'scloneyof', 'scloneyof@technorati.com', 'CZExeIEzm', '+62 134 302 6667', 'Suzette', 'Cloney', '1781 Fremont Circle'),
	(881, 'cleavesleyog', 'cleavesleyog@sciencedirect.com', 'Jjj2V5w', '+1 493 128 5096', 'Cammi', 'Leavesley', '5 Banding Plaza'),
	(882, 'jbuckeridgeoh', 'jbuckeridgeoh@usda.gov', 'OPmIsC0asz4d', '+505 246 366 8257', 'Joella', 'Buckeridge', '466 Larry Parkway'),
	(883, 'tfaircliffoi', 'tfaircliffoi@unc.edu', 'D5yaBSOYSi', '+30 158 674 4212', 'Tiffanie', 'Faircliff', '67 Park Meadow Park'),
	(884, 'agarwoodoj', 'agarwoodoj@blogtalkradio.com', 't4uc4wYW', '+7 586 614 5318', 'Arv', 'Garwood', '08 Merry Street'),
	(885, 'crallsok', 'crallsok@nymag.com', 'f2M9fgm', '+62 527 808 1651', 'Chevy', 'Ralls', '6943 Prairie Rose Street'),
	(886, 'shallifaxol', 'shallifaxol@squidoo.com', 'EPOT9X7', '+62 848 606 4532', 'Sosanna', 'Hallifax', '9082 Anderson Circle'),
	(887, 'crawcliffeom', 'crawcliffeom@xinhuanet.com', 'R2J4rsN', '+86 349 651 5133', 'Cornelia', 'Rawcliffe', '6549 Claremont Drive'),
	(888, 'firdaleon', 'firdaleon@tumblr.com', 'JciiOEF', '+86 898 616 6639', 'Franny', 'Irdale', '0 Coleman Point'),
	(889, 'idicksoo', 'idicksoo@hhs.gov', 'IsOjG4C93', '+55 733 387 0965', 'Isabelita', 'Dicks', '43 Summer Ridge Alley'),
	(890, 'rhearfieldop', 'rhearfieldop@wix.com', 'luJAee71', '+62 292 327 1085', 'Rodolph', 'Hearfield', '8 Jackson Junction'),
	(891, 'lwaddyoq', 'lwaddyoq@examiner.com', '8aXdCvK', '+63 776 115 6842', 'Leif', 'Waddy', '60644 Kensington Point'),
	(892, 'rsainsberryor', 'rsainsberryor@youku.com', 'bWSPNIri4ei', '+380 907 753 0801', 'Renard', 'Sainsberry', '2 Melby Hill'),
	(893, 'tpamphilonos', 'tpamphilonos@amazonaws.com', 's8Hdp3X6fs', '+66 775 761 4577', 'Torre', 'Pamphilon', '50 Ridge Oak Plaza'),
	(894, 'ifairfullot', 'ifairfullot@blog.com', 'YTgBjlMdib', '+63 659 177 9220', 'Inger', 'Fairfull', '3 Burning Wood Hill'),
	(895, 'hpapachristophorouou', 'hpapachristophorouou@redcross.org', 'SZNMxcpIUMk', '+62 940 509 7285', 'Hoebart', 'Papachristophorou', '94 Northland Court'),
	(896, 'qblennerhassettov', 'qblennerhassettov@youtube.com', 'oEr3nLW', '+7 782 257 9284', 'Quintana', 'Blennerhassett', '67634 Corry Place'),
	(897, 'hgrimolbieow', 'hgrimolbieow@google.ca', '1tbTmd7YMXl', '+7 971 489 7987', 'Hagan', 'Grimolbie', '2 Pepper Wood Circle'),
	(898, 'epeartonox', 'epeartonox@example.com', 'osgTRsl', '+509 149 563 2941', 'Edee', 'Pearton', '89 Lukken Park'),
	(899, 'pvalerioy', 'pvalerioy@opensource.org', 'KTXmabt26SWo', '+996 645 746 6472', 'Piggy', 'Valeri', '2934 Declaration Park'),
	(900, 'aberreclothoz', 'aberreclothoz@goo.ne.jp', 'ZVesKizhgFD', '+62 630 430 4004', 'Anabal', 'Berrecloth', '95 Warbler Way'),
	(901, 'cgilliverp0', 'cgilliverp0@disqus.com', 'g8oFY89m7', '+381 220 498 7812', 'Caldwell', 'Gilliver', '3990 Nova Hill'),
	(902, 'ealdamp1', 'ealdamp1@blog.com', 'DqusylnUpN2p', '+46 165 500 2867', 'Editha', 'Aldam', '45453 Carioca Alley'),
	(903, 'cboscottp2', 'cboscottp2@tripod.com', 'xy1TCmJ2ig', '+48 941 247 7339', 'Chandler', 'Boscott', '70153 Meadow Ridge Drive'),
	(904, 'alazarep3', 'alazarep3@examiner.com', 'r7AsK5CIdG9', '+1 407 925 8606', 'Agace', 'Lazare', '790 Doe Crossing Terrace'),
	(905, 'fmcenteggartp4', 'fmcenteggartp4@domainmarket.com', 'Xw2IeYZgl', '+380 309 519 8860', 'Fax', 'McEnteggart', '3 Upham Alley'),
	(906, 'wduffyp5', 'wduffyp5@nature.com', 'gQ2NQd4mtgJh', '+46 889 501 8358', 'Willa', 'Duffy', '775 Kennedy Place'),
	(907, 'wwincerp6', 'wwincerp6@state.tx.us', 'lzvRc9Fk1N', '+63 225 122 7368', 'Wallace', 'Wincer', '510 Nova Avenue'),
	(908, 'mmckagp7', 'mmckagp7@barnesandnoble.com', 'nTZx8iEW', '+389 325 517 2483', 'Marti', 'McKag', '1404 Roxbury Parkway'),
	(909, 'bbordonep8', 'bbordonep8@theguardian.com', 'AvYypi4JT', '+55 568 591 8655', 'Blondie', 'Bordone', '6 Longview Road'),
	(910, 'bdeggp9', 'bdeggp9@imgur.com', 'LI09J4r', '+86 174 179 2140', 'Byron', 'Degg', '3 Arkansas Center'),
	(911, 'kjannpa', 'kjannpa@diigo.com', 'ODcvSmb', '+86 209 576 5087', 'Kendall', 'Jann', '89900 Gina Lane'),
	(912, 'nmacaindreispb', 'nmacaindreispb@squidoo.com', 'aQFDDmCL1j', '+504 705 314 2594', 'Nelson', 'MacAindreis', '6275 Corben Way'),
	(913, 'lroispc', 'lroispc@wunderground.com', 'aW1WCkp8Xt6', '+63 743 466 5371', 'Laurena', 'Rois', '42005 Merrick Plaza'),
	(914, 'karmellpd', 'karmellpd@illinois.edu', 'ltO680R', '+54 528 825 3737', 'Karena', 'Armell', '58131 Arizona Park'),
	(915, 'esudranpe', 'esudranpe@smh.com.au', 'pqKnazLQg', '+351 862 928 7511', 'Evangelina', 'Sudran', '8677 Ronald Regan Terrace'),
	(916, 'llymerpf', 'llymerpf@topsy.com', 'qLjeBU', '+46 307 955 5178', 'Lexi', 'Lymer', '69803 Morning Place'),
	(917, 'bshoutpg', 'bshoutpg@weibo.com', 'hZDbpsqwiJj', '+7 371 723 8434', 'Blinni', 'Shout', '15240 Prairieview Center'),
	(918, 'gcotilardph', 'gcotilardph@bbc.co.uk', 'vxGp1ODK', '+86 749 114 2794', 'Georgianna', 'Cotilard', '110 Golf View Pass'),
	(919, 'gjakubovskypi', 'gjakubovskypi@walmart.com', 'iU7qPED4q2Y9', '+7 514 553 3078', 'Gregoire', 'Jakubovsky', '28623 Ruskin Terrace'),
	(920, 'lpendreighpj', 'lpendreighpj@cmu.edu', 'sBthaqmwYr', '+86 841 185 1914', 'Lorita', 'Pendreigh', '410 Springview Place'),
	(921, 'tsteanepk', 'tsteanepk@netscape.com', 'pfHVDLIPT9', '+86 679 526 5653', 'Trisha', 'Steane', '9207 Dakota Trail'),
	(922, 'sbeadnallpl', 'sbeadnallpl@home.pl', 'm9i4pN4xG', '+86 712 322 3231', 'Sybille', 'Beadnall', '86 Namekagon Circle'),
	(923, 'pbrachpm', 'pbrachpm@smh.com.au', 'usEiHrj8', '+1 626 500 5705', 'Pen', 'Brach', '47 Briar Crest Way'),
	(924, 'kpigdenpn', 'kpigdenpn@google.com.br', '7lWm5R', '+62 576 894 5878', 'Kinna', 'Pigden', '8647 Sunfield Avenue'),
	(925, 'fmumbeypo', 'fmumbeypo@multiply.com', '3E9Pfh', '+595 566 884 5274', 'Fifi', 'Mumbey', '61809 Hallows Pass'),
	(926, 'atomasonipp', 'atomasonipp@opera.com', '4OOz4Eg', '+47 224 376 6695', 'Ardyth', 'Tomasoni', '1163 Kingsford Crossing'),
	(927, 'rpitrollopq', 'rpitrollopq@g.co', 'tj78TmBg', '+48 628 903 3294', 'Rudolf', 'Pitrollo', '543 Aberg Pass'),
	(928, 'sklewerpr', 'sklewerpr@bing.com', 'av8PTA', '+56 837 416 6001', 'Sara', 'Klewer', '9 Lerdahl Point'),
	(929, 'srounsefullps', 'srounsefullps@gmpg.org', '75DmgqsH', '+505 403 525 4029', 'Sybyl', 'Rounsefull', '2714 Thierer Plaza'),
	(930, 'mbrutonpt', 'mbrutonpt@boston.com', 'RPx1VhyCfe', '+880 891 252 2611', 'Meier', 'Bruton', '63 Charing Cross Point'),
	(931, 'pvasilevichpu', 'pvasilevichpu@google.com', 'j3DlaGm3', '+20 508 206 0516', 'Paola', 'Vasilevich', '37750 Bultman Drive'),
	(932, 'fjellingspv', 'fjellingspv@alibaba.com', 'DKYaeUgn', '+355 448 252 4470', 'Franciska', 'Jellings', '81763 Kenwood Drive'),
	(933, 'pbreckwellpw', 'pbreckwellpw@ovh.net', '0ouPfx', '+63 985 906 9919', 'Phip', 'Breckwell', '8 Sherman Place'),
	(934, 'gcurneenpx', 'gcurneenpx@nature.com', 'TkVEKmhtK', '+62 417 123 0350', 'Gianni', 'Curneen', '6888 Rowland Avenue'),
	(935, 'akyntonpy', 'akyntonpy@vimeo.com', '2OS3dU', '+374 507 951 6118', 'Arny', 'Kynton', '4449 Gateway Pass'),
	(936, 'lbasleypz', 'lbasleypz@tiny.cc', 'K62y9OaJd8V3', '+62 304 198 5776', 'Lenci', 'Basley', '2 Melvin Circle'),
	(937, 'amissenq0', 'amissenq0@webnode.com', 'srBnpAgQN6', '+506 614 792 2061', 'Alissa', 'Missen', '14 Nobel Alley'),
	(938, 'sbatesonq1', 'sbatesonq1@woothemes.com', 'IMdXMFkF', '+383 238 982 2226', 'Sullivan', 'Bateson', '85 Northview Place'),
	(939, 'udomokosq2', 'udomokosq2@intel.com', 'G0WsAC', '+86 113 288 5627', 'Umeko', 'Domokos', '894 Green Alley'),
	(940, 'mshynnq3', 'mshynnq3@blogger.com', '5EGQByhIT', '+86 158 198 9781', 'Mervin', 'Shynn', '8198 Artisan Road'),
	(941, 'bblodgettq4', 'bblodgettq4@51.la', '58N5B7GG8SZ', '+92 201 733 8463', 'Bogart', 'Blodgett', '403 Roth Park'),
	(942, 'lconwellq5', 'lconwellq5@ezinearticles.com', 'm5NgXYyg', '+7 412 560 2359', 'Leslie', 'Conwell', '59636 Main Park'),
	(943, 'mgregorattiq6', 'mgregorattiq6@biglobe.ne.jp', 'CLJiXGgXA4kr', '+86 567 566 3678', 'Mill', 'Gregoratti', '45201 Boyd Court'),
	(944, 'hconibeerq7', 'hconibeerq7@printfriendly.com', 'kuCm7WJ2l6', '+62 578 591 2542', 'Hadleigh', 'Conibeer', '94387 Hollow Ridge Junction'),
	(945, 'cosbandq8', 'cosbandq8@icio.us', 'oQVSEsb7l6', '+976 574 483 2926', 'Christiano', 'Osband', '438 Crest Line Center'),
	(946, 'igransdenq9', 'igransdenq9@va.gov', 'y0X3DmTrx', '+7 192 525 3091', 'Isidoro', 'Gransden', '71821 Delaware Crossing'),
	(947, 'mtideswellqa', 'mtideswellqa@google.ru', 'GD6Bonj', '+63 851 689 2445', 'Martyn', 'Tideswell', '06354 Summerview Alley'),
	(948, 'smacgilpatrickqb', 'smacgilpatrickqb@addtoany.com', 'HYCib5', '+86 806 969 1858', 'Sallee', 'MacGilpatrick', '88976 Mcbride Plaza'),
	(949, 'hotyqc', 'hotyqc@answers.com', 'YLagpHtAcQU', '+98 324 112 2152', 'Hope', 'Oty', '3465 Donald Parkway'),
	(950, 'pcorkettqd', 'pcorkettqd@cloudflare.com', 'hDYpj0JWWlC', '+86 619 593 5552', 'Perceval', 'Corkett', '3556 Hayes Hill'),
	(951, 'jchansonqe', 'jchansonqe@bing.com', 'VtagNoFG4', '+380 787 429 9922', 'Johannes', 'Chanson', '10275 Butternut Crossing'),
	(952, 'hmarloweqf', 'hmarloweqf@networkadvertising.org', 'nKfsRzd', '+380 653 112 1654', 'Hubert', 'Marlowe', '1 Upham Center'),
	(953, 'gmcdermottqg', 'gmcdermottqg@salon.com', 'scRGy3Pq', '+352 139 846 5614', 'Galina', 'McDermott', '61 Thackeray Lane'),
	(954, 'dattenbrowqh', 'dattenbrowqh@liveinternet.ru', 'tCvhQVn', '+687 686 346 5551', 'Darnall', 'Attenbrow', '2849 Lyons Terrace'),
	(955, 'tlucqi', 'tlucqi@ed.gov', 'kzd6Rdgu', '+237 417 497 7964', 'Ted', 'Luc', '53 Main Crossing'),
	(956, 'ecattoqj', 'ecattoqj@bloomberg.com', '936INDygOtu', '+63 783 717 1737', 'Emilie', 'Catto', '502 Northland Trail'),
	(957, 'ebowkleyqk', 'ebowkleyqk@spiegel.de', '10NHs0QW', '+7 898 295 3830', 'Edi', 'Bowkley', '159 Dexter Hill'),
	(958, 'mybarraql', 'mybarraql@mail.ru', 'x9ieIGlac5We', '+255 727 546 5449', 'Mikkel', 'Ybarra', '80 Kedzie Trail'),
	(959, 'hfranceschielliqm', 'hfranceschielliqm@taobao.com', 'xIF6SOhg', '+86 423 613 4902', 'Hube', 'Franceschielli', '9898 Carpenter Park'),
	(960, 'amacgallqn', 'amacgallqn@columbia.edu', 'dKOHSYrRi8X7', '+86 503 855 1405', 'Ambur', 'MacGall', '6 Annamark Park'),
	(961, 'tlaurenceauqo', 'tlaurenceauqo@adobe.com', 'QNkqUcsv', '+358 894 786 3624', 'Tersina', 'Laurenceau', '6822 Briar Crest Plaza'),
	(962, 'vsoaresqp', 'vsoaresqp@oakley.com', 'GZlQfVMAel', '+55 118 912 6443', 'Vince', 'Soares', '36 Graceland Way'),
	(963, 'wcasajuanaqq', 'wcasajuanaqq@arizona.edu', 'udjjnjD', '+7 260 143 2584', 'Wit', 'Casajuana', '0065 Anhalt Drive'),
	(964, 'jpinchenqr', 'jpinchenqr@redcross.org', 'M2qqmMnNb', '+81 990 660 0933', 'Jocelyn', 'Pinchen', '0 5th Center'),
	(965, 'tdartanqs', 'tdartanqs@prlog.org', 'a6o0JdiI', '+86 737 183 4230', 'Theobald', 'Dartan', '54 Eagle Crest Lane'),
	(966, 'jbroadwayqt', 'jbroadwayqt@ovh.net', 'Bv05yGyEQGle', '+1 484 665 0918', 'Jedediah', 'Broadway', '322 Brown Parkway'),
	(967, 'eroffqu', 'eroffqu@amazon.co.jp', 'XH4S62An', '+43 977 913 7307', 'Etheline', 'Roff', '32970 Hollow Ridge Center'),
	(968, 'lgallaharqv', 'lgallaharqv@gravatar.com', 'OYWnU7868REF', '+33 574 198 9379', 'Luella', 'Gallahar', '02236 Cardinal Hill'),
	(969, 'mwondraschekqw', 'mwondraschekqw@yale.edu', 'JLhVdfvk1', '+63 547 431 0847', 'Marven', 'Wondraschek', '815 Bunting Center'),
	(970, 'scrateqx', 'scrateqx@redcross.org', 'gSDFVe1m', '+48 199 209 8008', 'Sherwood', 'Crate', '5040 Sutteridge Lane'),
	(971, 'hboydaqy', 'hboydaqy@sfgate.com', 'ehFTrBHMRBcH', '+55 178 241 8818', 'Hilton', 'Boyda', '64702 Hoffman Pass'),
	(972, 'vcantuaqz', 'vcantuaqz@altervista.org', 'lMG7Hn', '+48 400 347 6511', 'Vivianne', 'Cantua', '969 Di Loreto Point'),
	(973, 'imccarlyr0', 'imccarlyr0@topsy.com', 'Et8AuO', '+33 933 195 6537', 'Ina', 'McCarly', '89380 Butterfield Court'),
	(974, 'hcolombierr1', 'hcolombierr1@eepurl.com', 'SoQgiPE', '+62 885 282 5552', 'Hailee', 'Colombier', '38143 Oriole Junction'),
	(975, 'bstrottonr2', 'bstrottonr2@chicagotribune.com', 'B1aBaJCKWx', '+351 825 632 7439', 'Brana', 'Strotton', '27358 Coolidge Road'),
	(976, 'hbucklesr3', 'hbucklesr3@chronoengine.com', 'PcXkHHN4', '+62 183 799 1877', 'Huntlee', 'Buckles', '80 Loeprich Trail'),
	(977, 'mbaynhamr4', 'mbaynhamr4@nasa.gov', 'PpJcVI', '+374 785 824 1608', 'Maddie', 'Baynham', '19 Veith Parkway'),
	(978, 'rwheldonr5', 'rwheldonr5@1und1.de', 'O3TGPDnifF', '+62 874 678 7105', 'Ron', 'Wheldon', '77128 Union Parkway'),
	(979, 'sskedger6', 'sskedger6@thetimes.co.uk', 'FMlcqf', '+86 490 827 8103', 'Shaylah', 'Skedge', '1245 Warner Alley'),
	(980, 'dhaylockr7', 'dhaylockr7@latimes.com', 'hb3ESxBEsi', '+51 690 878 4048', 'Darrin', 'Haylock', '4 Fair Oaks Hill'),
	(981, 'kdawidowiczr8', 'kdawidowiczr8@intel.com', 'sgWpUAeqAL', '+81 789 941 6564', 'Kellen', 'Dawidowicz', '6 Hollow Ridge Point'),
	(982, 'hmanuelir9', 'hmanuelir9@ustream.tv', '7xN0rQy', '+216 236 332 1355', 'Heall', 'Manueli', '78552 American Ash Hill'),
	(983, 'ggibbinsra', 'ggibbinsra@flavors.me', '9OjINU', '+27 390 189 3603', 'Georgia', 'Gibbins', '011 John Wall Avenue'),
	(984, 'lilyukhovrb', 'lilyukhovrb@amazon.co.uk', '7YR2RfdO', '+63 478 742 8370', 'Lindsy', 'Ilyukhov', '08 Butternut Hill'),
	(985, 'rgasnellrc', 'rgasnellrc@ox.ac.uk', '46kSMA', '+7 245 221 5396', 'Rosemary', 'Gasnell', '81636 Blaine Lane'),
	(986, 'bderoosrd', 'bderoosrd@github.com', 'NNpGY4E2b', '+98 465 218 9554', 'Blakelee', 'De Roos', '09995 Thierer Center'),
	(987, 'hkleinberre', 'hkleinberre@mtv.com', 'cW458APE45', '+63 760 924 0630', 'Harcourt', 'Kleinber', '3842 Ridgeview Plaza'),
	(988, 'rderrrf', 'rderrrf@adobe.com', 'ikmdCv', '+351 587 453 8765', 'Ruth', 'Derr', '986 Loftsgordon Parkway'),
	(989, 'cmclaughlinrg', 'cmclaughlinrg@dot.gov', 'RkCVv3', '+358 727 405 8547', 'Cordelie', 'McLaughlin', '587 Grim Lane'),
	(990, 'eknowlerrh', 'eknowlerrh@goodreads.com', 'KZ6MIt', '+1 413 999 7093', 'Etty', 'Knowler', '34 Lien Pass'),
	(991, 'nmurrisonri', 'nmurrisonri@networksolutions.com', 'd3XfFqKr', '+86 757 702 7435', 'Nappy', 'Murrison', '85922 Fairfield Place'),
	(992, 'gokeshottrj', 'gokeshottrj@ebay.co.uk', 'hO18l2', '+261 203 823 8029', 'Gusta', 'Okeshott', '30 Oxford Crossing'),
	(993, 'bpenhalurickrk', 'bpenhalurickrk@wired.com', 'eNuuG7d3', '+86 607 948 2203', 'Berri', 'Penhalurick', '970 Everett Avenue'),
	(994, 'obinnellrl', 'obinnellrl@whitehouse.gov', 'wcn9rysm', '+591 815 553 0578', 'Oliver', 'Binnell', '39979 Tomscot Way'),
	(995, 'owinsomerm', 'owinsomerm@domainmarket.com', 'hBet3PiEzJFE', '+356 609 754 0966', 'Odessa', 'Winsome', '63093 Manitowish Point'),
	(996, 'bduffusrn', 'bduffusrn@ezinearticles.com', 'llo1SXw', '+1 754 536 0108', 'Bale', 'Duffus', '376 Cordelia Road'),
	(997, 'mproughtenro', 'mproughtenro@merriam-webster.com', 'LgyWUr', '+92 512 350 8291', 'Man', 'Proughten', '6844 Iowa Pass'),
	(998, 'vkieffrp', 'vkieffrp@ucoz.ru', 'oFDuGtF', '+856 210 348 6547', 'Vernon', 'Kieff', '75 Bayside Center'),
	(999, 'ybrabanrq', 'ybrabanrq@auda.org.au', 'NWpatpwktMw', '+86 682 434 4378', 'York', 'Braban', '4357 Sauthoff Drive'),
	(1000, 'rhecknerrr', 'rhecknerrr@indiatimes.com', 'DDOvwdXgd', '+86 812 796 8582', 'Rita', 'Heckner', '62 Mallory Pass'),
	(1001, 'admin', 'admin@admin.se', '$2a$10$BT0Eu0hpM0ltGjE9uKfZr.42nEWGXgUMixA3QUtksYF0QCT3ejNWW', '0707000000', 'Admin', 'Admin', 'Admingatan 99 23333 Helvetet'),
	(1002, 'Cyrus123', 'Cyrus@email.mail', 'cyrrus ', '0202020333 ', NULL, NULL, 'Street 3 '),
	(1003, 'MiniHarald', 'miniharald@gmail.com', '$2a$10$.r.29W3nXiVwrY.0tOiCS.4IagcpdQXHgctG6twqCVrp0CA.GYpi2', '0734323237', 'Alexander', 'Persson', 'Tågmästaregatan 8 23343 Svedala'),
	(1004, 'aaaa', 'a@oo.c', '$2a$10$U8c6L.0wfXN/R6Dgva8h9.fNweTaJj6uzML13Penh/keIwwbGC2CW', 'a', 'aa', 'a', 'a a a'),
	(1005, 'x', 'x@x.x', '$2a$10$IWP9mJKR3yR4jmnYirvT/Ovv.DZSfxZ0lJCRQFpNBezc80LzFkVyC', 'x', 'x', 'x', 'x x x'),
	(1006, 'o', 'aooaoe@oe.oh', '$2a$10$9egNXyaO/.9DQEwOFjhf9O0nUH14MsQ/SJPSh4PDWg2ErmuQuzNLG', 'o', 'o', 'o', 'o o o'),
	(1007, 'e', 'e@e.eee', '$2a$10$Hwn..Gepp8UWXM8vsVe8z.ZTR0v88687dXjwFsAuWiBKz7WHrygrS', 'e', 'e', 'e', 'e e e'),
	(1008, '\'); DROP TABLE users;--', 'hh@hoha.ho', '$2a$10$1KMVBmfLo5FVc6mS0/jfrOwmOH1hghAD03ZPueIi1bZUoi1vHAcdy', 'c', 'c', 'c', 'c c c'),
	(1009, 'ERRRRROR', 'hhh@hoh.ooo', '$2a$10$vGgXcLE4aex9eqgIToJlduH.giRy7j0B9HxSj.zbThoPkQ54o00va', 'e', 'e', 'e', 'o aa "); DROP TABLE users;--'),
	(1010, 'b', 'b@b.b', '$2a$10$brTDnA6YZ4wthCMYedkGp.DJv6th/kA3MBicpbBxTPo6iawuhbxma', 'b', 'b', 'b', 'b b b');
/*!40000 ALTER TABLE `users` ENABLE KEYS */;

-- Dumping structure for view ggdb.hotelview
-- Removing temporary table and create final VIEW structure
DROP TABLE IF EXISTS `hotelview`;
CREATE ALGORITHM=UNDEFINED SQL SECURITY DEFINER VIEW `hotelview` AS SELECT h.id , h.name, s.id AS cityID, s.Name AS city, l.id AS countryID, l.Name AS country, restaurant, pool, kidsclub, evening_entertainment, meters_to_city_center, meters_to_beach, img_url, description, rating FROM Hotel h
        INNER JOIN City s ON h.city_id = s.id
        INNER JOIN Country l ON s.country_id = l.id ;

-- Dumping structure for view ggdb.room_booking_view
-- Removing temporary table and create final VIEW structure
DROP TABLE IF EXISTS `room_booking_view`;
CREATE ALGORITHM=UNDEFINED SQL SECURITY DEFINER VIEW `room_booking_view` AS SELECT rb.id AS room_booking_id, r.id AS room_id, rt.name AS roomtype_name, h.name AS hotel_name, date_in AS date_checkin, date_out AS date_checkout FROM room_booking rb
		INNER JOIN room r ON r.id  = rb.room_id
		INNER JOIN roomtype rt ON r.roomtype_id = rt.id		
		INNER JOIN hotel h ON r.hotel_id = h.id ;

/*!40101 SET SQL_MODE=IFNULL(@OLD_SQL_MODE, '') */;
/*!40014 SET FOREIGN_KEY_CHECKS=IF(@OLD_FOREIGN_KEY_CHECKS IS NULL, 1, @OLD_FOREIGN_KEY_CHECKS) */;
/*!40101 SET CHARACTER_SET_CLIENT=@OLD_CHARACTER_SET_CLIENT */;
